"","group","x1","x2","y1","y2","y3","y4","y5"
"1","a",37,11.4,11.8,73.1,499,489,1.47
"2","a",81,9.24,11.1,17.2,385,406,0.478
"3","a",19,3.67,11.1,41,122,125,4.71
"4","a",29,4.54,12.6,37.8,203,190,1.23
"5","a",89,4.8,11.9,75.5,182,212,0.893
"6","a",32,5.9,12,4.27,268,209,2.56
"7","a",94,5.57,10.9,0.372,206,180,0.974
"8","a",87,4.4,11.2,52.9,162,202,0.051
"9","a",80,3.52,11.8,6.22,142,133,0.276
"10","a",24,3.05,13.5,2.93,164,135,3.5
"11","a",35,8.74,11.4,14.7,394,293,1.25
"12","a",7,5.47,12.6,0.484,211,231,8.5
"13","a",59,4.8,13.9,5.05,195,162,0.776
"14","a",77,6.76,10.5,21.9,274,382,0.328
"15","a",57,11.1,11.9,40.6,411,385,0.736
"16","a",50,4.47,13,12.2,199,191,0.94
"17","a",50,8.64,11.6,15.8,343,275,1.61
"18","a",94,5.25,12,5.24,262,223,0.53
"19","a",78,6.67,12.4,3670,261,215,0.0687
"20","a",97,5.98,12.4,11.8,249,306,0.263
"21","a",86,9.17,12.2,19.5,407,376,0.97
"22","a",36,7.75,12.3,78.6,315,271,2.36
"23","a",63,6.16,13.5,1.86,240,226,0.493
"24","a",31,7.78,11.9,8.55,347,388,3.6
"25","a",8,5.67,13.2,10.5,255,274,8.27
"26","a",56,9.37,12.2,4.27,421,407,0.329
"27","a",24,5.93,14.1,47.1,260,279,4.12
"28","a",50,6.78,11.5,166,274,280,1.16
"29","a",77,3.44,13.4,2.64,135,105,0.683
"30","a",43,6.61,12.6,0.216,309,245,0.985
"31","a",49,7.72,13.1,299,278,260,1.08
"32","a",5,6.08,11.8,3.36,250,226,9.6
"33","a",78,9.69,12,13.9,446,419,0.544
"34","a",82,9.28,11.2,0.305,422,438,1.17
"35","a",18,6.04,13.1,3.53,248,234,4.84
"36","a",79,6.47,11,14.9,245,266,0.509
"37","a",31,8.83,12.1,21.6,350,396,1.97
"38","a",56,4.46,12.8,2.31,225,165,1.87
"39","a",99,3.3,13.9,0.297,165,145,0.0559
"40","a",45,9.62,12.7,15.3,404,421,1.08
"41","a",40,6.31,11.7,0.192,298,289,0.787
"42","a",88,5.81,13.7,2.17,306,212,0.453
"43","a",82,8.3,10.8,690,373,276,0.125
"44","a",95,3.48,11.3,780,163,146,0.767
"45","a",24,3.73,10.8,45.4,174,147,3.98
"46","a",25,6.45,13.5,21.6,242,245,3.44
"47","a",22,5.18,13.2,4.98,229,229,3.29
"48","a",54,6.13,12.3,17.6,265,285,1.06
"49","a",96,4.02,11.9,851,152,175,0.574
"50","a",10,7.6,13,30.8,324,300,6.87
"51","a",48,8.44,12.3,30.8,364,380,1.8
"52","a",59,4.71,12,100,165,177,0.39
"53","a",16,6.46,10.6,0.217,245,314,5.16
"54","a",98,8.29,12.1,938,333,367,0.074
"55","a",84,5.66,13.3,12.1,247,254,0.165
"56","a",81,3.41,10.2,109,152,162,1.08
"57","a",39,5.61,13.5,168,259,236,1.66
"58","a",80,4.05,11,0.276,156,138,1.02
"59","a",72,9.64,13.6,326,395,412,0.827
"60","a",54,7.42,12.4,1.01,328,276,0.308
"61","a",30,9.44,11.5,0.564,337,364,2.38
"62","a",13,6.53,13.2,1.13,240,297,6.3
"63","a",97,6.66,11.1,82.5,283,291,0.23
"64","a",2,3.39,12.1,44.5,132,140,10.6
"65","a",49,8.9,12.9,1.57,364,255,0.24
"66","a",14,2.55,11.1,0.908,67.1,106,5.23
"67","a",30,8.91,9.3,1.53,333,363,2.76
"68","a",51,9.99,13.1,11.3,425,409,1.01
"69","a",73,6.96,12.9,33.7,297,338,0.691
"70","a",38,5.1,12.3,2.75,233,228,2.24
"71","a",20,9.35,10.6,43.7,402,341,4.59
"72","a",41,5.91,14,1.3,252,215,1.45
"73","a",39,8.3,10.1,205,367,415,2.51
"74","a",94,3.86,8.79,0.0848,191,159,0.322
"75","a",10,7.3,12.1,323,307,246,6.83
"76","a",96,6.73,11.3,0.831,326,187,0.595
"77","a",99,2.59,12,348,113,119,0.513
"78","a",11,6.22,11.8,6.75,243,238,6.59
"79","a",51,0.242,12.5,14.8,35.2,9.98,0.269
"80","a",31,5.24,11.6,130,232,227,2.06
"81","a",38,11.2,10.4,14.5,408,516,0.933
"82","a",9,1.35,11.1,128,57.2,58.5,7.88
"83","a",91,5.57,11.5,37.2,219,299,0.295
"84","a",71,5.81,12.7,174,210,252,0.0154
"85","a",24,9.18,10.7,5.55,378,466,3.33
"86","a",77,8.89,13.2,274,356,440,0.208
"87","a",74,7.92,13,1.22,350,292,0.674
"88","a",98,5.99,10.8,29.7,220,223,0.164
"89","a",82,6.49,11.4,12,324,273,0.492
"90","a",30,3.51,13.4,9760,133,166,2.19
"91","a",63,5.9,10.7,3.35,261,300,1.29
"92","a",92,5.12,12.3,1.39,251,237,0.14
"93","a",1,1.95,11,168,67.5,72.3,11.4
"94","a",56,6.25,12.1,0.947,264,243,0.295
"95","a",22,5.75,12.2,19.4,245,247,3.76
"96","a",3,5.03,13.7,3.75,182,252,9.81
"97","a",45,4.76,12.1,1680,192,210,0.935
"98","a",78,5.35,13.9,25.9,244,232,0.277
"99","a",55,8.3,12.1,96,348,250,1.25
"100","a",53,5.09,12.1,1.73,220,268,1.41
"101","a",66,4.61,12.6,7.09,202,196,0.821
"102","a",39,6.99,11.9,32.4,308,302,0.94
"103","a",8,3.85,10.3,57.7,165,187,8.16
"104","a",39,5.13,11.3,2.48,192,184,0.47
"105","a",25,6.47,13.1,116,272,290,3.05
"106","a",97,7.33,12.3,4.42,303,355,0.136
"107","a",92,1.95,13.1,0.391,58.6,80.1,0.323
"108","a",41,4.16,10.9,25.2,169,220,1.92
"109","a",12,4.83,12.2,20.2,195,182,6.31
"110","a",20,4.48,12,1960,197,168,5.12
"111","a",39,4.04,11.8,42.7,175,172,1.8
"112","a",62,4.98,11.3,50.8,228,216,0.0926
"113","a",92,4.22,13.4,4.51,175,171,0.186
"114","a",100,10.1,12.3,215,423,514,0.00384
"115","a",41,10.1,13.1,13,429,462,1.72
"116","a",30,3.38,12.6,609,172,133,3.22
"117","a",89,7.38,11.7,1.23,305,344,0.604
"118","a",47,2.48,11.3,1.13,110,89.7,1.83
"119","a",71,5.79,12.3,0.785,277,247,0.888
"120","a",60,7.58,10.8,497,311,244,1.09
"121","a",15,2.98,13.1,9320,142,129,5.56
"122","a",47,6.29,11.9,21.7,259,246,2.13
"123","a",37,4.33,10.7,307,201,160,1.76
"124","a",41,5.93,12.5,8.09,298,228,2.06
"125","a",64,9.29,11.4,12.8,380,395,1.33
"126","a",18,7.77,11.5,164,348,222,4.53
"127","a",74,2.77,11,39.2,137,86.4,0.265
"128","a",23,7.19,12.4,0.277,228,339,3.39
"129","a",51,3.54,12.5,42.7,124,170,1.41
"130","a",99,11.2,11.5,217,488,596,0.86
"131","a",60,2.02,14,76.7,83.9,89.3,0.79
"132","a",9,9.58,12.5,3.57,417,467,7.49
"133","a",49,6.45,12.9,0.397,235,210,0.793
"134","a",5,5.97,13.5,1.77,237,224,9.34
"135","a",16,8.95,13.3,4.25,383,435,5.75
"136","a",5,6.16,12.7,47.2,217,307,9.38
"137","a",30,3.71,11.3,1.27,105,153,1.89
"138","a",59,5.54,13.7,42.9,278,234,0.0603
"139","a",6,3.92,11.3,82.8,217,167,8.73
"140","a",40,8.48,12.5,223,387,344,1.03
"141","a",11,5.25,11.6,61.7,180,248,6.91
"142","a",71,3.98,12.7,15.8,178,189,0.85
"143","a",37,5.02,12.3,17.8,187,209,2.44
"144","a",7,7.35,13.2,32.6,299,329,8.91
"145","a",24,7.56,13,43.2,320,353,3.83
"146","a",31,7.46,13.3,26.5,339,285,2.32
"147","a",73,5.96,12.8,0.414,260,234,0.181
"148","a",42,6.16,12.2,3.53,206,255,1.38
"149","a",15,8.51,12.2,13.8,355,356,6.48
"150","a",93,6.83,11.5,4.3,324,264,0.0797
"151","a",3,8.87,11.1,141,377,297,10.5
"152","a",98,7.04,11.9,54.9,311,233,0.338
"153","a",43,4.11,12.6,3.68,241,165,1.65
"154","a",77,7.39,12.2,1.02,366,314,0.641
"155","a",39,7.54,12.2,15,331,266,1.96
"156","a",6,2.86,13.9,147,145,111,8.23
"157","a",1,3.07,12.7,41,64.4,136,11.1
"158","a",30,7.56,11.1,109,378,308,3.2
"159","a",48,6.73,11.2,10.5,290,337,0.359
"160","a",10,4.97,14.4,0.879,233,187,7.5
"161","a",25,5.92,10.8,2.29,258,225,4.07
"162","a",61,2.83,11.4,424,125,106,0.0765
"163","a",51,7.61,12.1,1.77,314,311,1.07
"164","a",97,4.17,11,209,203,189,0.615
"165","a",20,6.43,12.9,102,256,201,3.93
"166","a",73,9.43,12.9,841,392,356,0.577
"167","a",35,4.82,14.3,1.37,209,209,2.27
"168","a",20,9.07,11.7,233,372,350,3.52
"169","a",8,8.67,11.1,1.25,347,369,8.05
"170","a",94,9.16,13,0.0109,373,523,0.819
"171","a",36,5.55,11.9,3.11,252,215,2.36
"172","a",44,5.76,12.9,53.6,257,208,1.3
"173","a",4,5.84,11.5,4.46,235,276,10.4
"174","a",24,6.83,12.3,319,299,268,3.66
"175","a",1,5.19,12.1,32.6,218,206,11.9
"176","a",43,6.8,12.3,86,324,289,1.58
"177","a",58,3.91,12.8,0.51,182,198,0.537
"178","a",68,9.65,12.1,3.81,389,381,0.449
"179","a",56,5.51,11.9,647,259,244,0.69
"180","a",95,7.22,11.7,5.05,288,278,0.478
"181","a",85,6.81,10.1,4.03,290,262,0.477
"182","a",38,7.68,12.9,4.13,327,333,1.72
"183","a",74,8.6,11.5,171,365,319,0.148
"184","a",76,6.53,10.6,717,246,271,0.0529
"185","a",92,3.67,11.9,17300,172,161,0.124
"186","a",13,5.54,13.4,0.132,238,225,7.33
"187","a",14,4.82,11.2,50.9,203,156,6.51
"188","a",14,7.75,14.3,69,295,352,5.71
"189","a",13,8.29,13.4,43.7,362,232,6.02
"190","a",87,7.09,12.8,327,300,278,0.871
"191","a",94,4.5,13.7,100,163,187,0.789
"192","a",97,5.91,12.2,11.1,215,249,0.235
"193","a",84,8.9,12.1,107,405,390,0.427
"194","a",34,4.99,11.3,1.61,209,161,2.02
"195","a",45,5.33,12.8,44.9,241,254,0.676
"196","a",88,5.65,12.6,6.48,250,195,0.35
"197","a",4,7.57,11,34.8,317,251,10.2
"198","a",73,3.33,12.6,0.602,144,152,0.278
"199","a",86,9.7,12.4,81.3,388,364,0.611
"200","a",93,5.21,11.3,0.454,233,290,0.21
"201","a",80,3.34,12.4,2.98,161,158,0.173
"202","a",37,7.46,12.6,0.352,289,294,2.09
"203","a",67,3.71,13.6,74.9,196,125,1.61
"204","a",68,6.47,14.9,350,272,317,0.579
"205","a",73,5.45,13.4,5110,242,191,0.383
"206","a",60,6.92,12.2,30,281,295,0.477
"207","a",21,5.78,13.1,246,231,251,4.74
"208","a",99,7.1,11.4,0.211,317,330,0.56
"209","a",62,4.55,11.5,140,183,202,0.743
"210","a",18,7.19,11.7,1.27,297,234,4.48
"211","a",15,5.45,13.2,97.2,252,183,5.5
"212","a",28,8.35,13.1,16.9,294,332,2.27
"213","a",79,4.47,12,241,179,229,0.298
"214","a",48,3.83,11.6,63.9,152,160,1.49
"215","a",5,7.54,11.8,26.2,297,161,10.2
"216","a",66,6.53,12.5,66.8,292,310,0.134
"217","a",30,4.37,14,24.5,187,156,2.85
"218","a",96,5.41,10.9,6.72,222,186,0.0427
"219","a",49,7.44,12.2,46.2,315,304,0.169
"220","a",48,6.13,11.9,1.14,277,315,2.01
"221","a",16,5,11.7,1.58,187,206,4.85
"222","a",45,5.4,11.2,23.9,135,238,1.18
"223","a",62,11.8,10.4,64.3,512,325,0.0262
"224","a",92,7.62,10.6,7.8,358,316,0.217
"225","a",43,7.9,13.4,98.6,347,384,1.5
"226","a",63,8.81,11.4,358,379,395,0.658
"227","a",25,8.13,12.7,494,327,466,3.68
"228","a",58,1.37,11.9,1.87,69.1,57.6,0.292
"229","a",29,6.94,12.6,66,290,330,2.32
"230","a",13,6.12,10.3,1.3,288,252,6.33
"231","a",4,2.95,12.1,21.5,120,120,10.1
"232","a",32,5.83,10.9,0.557,261,291,2.9
"233","a",67,1.54,10.8,102,62.3,57.8,0.84
"234","a",29,7.16,12.5,81,328,233,2.08
"235","a",62,5.48,11.1,13,188,204,0.96
"236","a",68,4.33,11.3,9.51,148,189,0.705
"237","a",72,8.21,12.1,44.5,358,348,0.312
"238","a",4,7.67,12.1,95.5,354,300,10.8
"239","a",97,4.03,12,175,177,147,0.696
"240","a",11,6.23,10.4,106,246,223,7.05
"241","a",4,10.1,13.3,0.195,388,341,10.2
"242","a",57,5.07,11.6,13500,222,215,0.95
"243","a",26,4.35,13.1,229,181,201,3.36
"244","a",35,6.65,12.2,40.3,287,359,1.19
"245","a",84,0.998,12.4,7.75,23.3,38.5,1.28
"246","a",2,5.78,13.4,21.4,241,250,9.87
"247","a",25,4.68,12.2,1.03,221,185,3.45
"248","a",47,9.92,12.3,30.7,408,349,0.314
"249","a",66,5.35,12.5,0.78,212,223,0.463
"250","a",44,2.5,11.8,12.5,98.5,105,1.51
"251","a",34,9.47,12.5,3.27,420,547,3.03
"252","a",93,4.65,10.4,2.68,181,202,0.103
"253","a",44,6.74,12.8,1.41,311,264,1.05
"254","a",39,6.19,12.2,12.3,285,302,1.68
"255","a",59,6.75,10.6,0.174,272,302,1.09
"256","a",75,5.8,12.5,7.34,212,198,0.757
"257","a",24,4.29,12.4,43.6,181,188,3.78
"258","a",45,8.69,10.1,15.5,380,280,1.86
"259","a",66,6.2,13.8,19.1,245,229,0.958
"260","a",9,3.01,12.5,1670,128,124,7.62
"261","a",35,7.16,11.5,202,295,307,2.63
"262","a",68,3.91,12.4,0.925,145,170,0.355
"263","a",16,10.9,11.8,4.14,462,543,5.72
"264","a",58,8.73,10.9,0.176,375,348,0.298
"265","a",68,7.56,12.9,75.8,343,359,0.403
"266","a",15,2.5,13.8,34.7,88.6,93.8,5.32
"267","a",67,5.67,13.8,60.8,238,227,0.0587
"268","a",32,9.02,11.5,19.2,409,471,2.16
"269","a",25,8.16,11.8,614,338,378,3.86
"270","a",35,7.19,12.4,13.3,327,185,2.22
"271","a",21,4.83,11.1,137,159,214,3.84
"272","a",26,3.6,11.7,0.475,138,156,3.58
"273","a",14,5.73,13,258,230,232,6.1
"274","a",49,6.36,11,1.72,276,248,1.04
"275","a",34,9.5,12.7,8.8,416,326,1.91
"276","a",38,3.96,11,69.3,160,171,1.61
"277","a",39,9.61,12,0.173,402,402,1.26
"278","a",19,5.15,12.9,10.9,218,232,4.05
"279","a",11,7.93,10.7,87.9,320,332,7.17
"280","a",78,2.04,12.4,8.47,72.2,93.8,1.11
"281","a",50,8.19,11.3,121,336,308,1.16
"282","a",100,7.63,11.9,8.82,338,280,0.975
"283","a",62,11.1,12.9,127,451,401,0.808
"284","a",92,4.11,11.9,6.16,171,227,0.765
"285","a",52,5.94,12.3,4.82,226,283,1.02
"286","a",20,6.4,13.7,6.6,272,201,5.08
"287","a",81,6.85,13.6,1.66,296,266,0.305
"288","a",22,8.8,11.1,0.185,367,340,4.09
"289","a",68,5.12,12.3,1.28,212,182,0.141
"290","a",28,8.12,11.2,2.83,333,190,2.57
"291","a",80,7.31,10.5,10.8,338,278,1.19
"292","a",78,3.89,10.9,93,175,165,0.401
"293","a",22,4.75,13.2,1.26,264,167,4.19
"294","a",94,3.75,10.8,14,176,134,0.429
"295","a",100,6.64,11.3,1.07,292,277,0.179
"296","a",87,7.8,10.8,3.71,383,334,0.731
"297","a",25,2.93,12,1.09,98.4,148,3.95
"298","a",74,11.3,11.6,3.77,468,521,0.309
"299","a",89,7.91,12.8,91,332,304,0.148
"300","a",29,6.13,12.2,3.46,199,314,2.42
"301","a",82,5.27,13.8,1850,180,267,0.374
"302","a",23,9.72,10.2,26.9,385,427,4.08
"303","a",53,4.25,13,494,171,205,1.1
"304","a",55,9.99,11.4,28500,452,475,1.43
"305","a",32,4.62,10.8,1490,220,169,2.56
"306","a",95,3.08,13.4,4.75,132,120,0.62
"307","a",26,2.82,11.7,103,147,120,3.78
"308","a",87,7.2,10,481,313,339,0.322
"309","a",43,5.73,12.1,184,263,279,0.87
"310","a",30,6.89,14.7,57.1,309,251,2.86
"311","a",66,6.79,11.5,63.5,305,298,0.211
"312","a",31,6.98,10.6,174,280,295,2.75
"313","a",8,8.94,12.7,10.4,401,342,7.87
"314","a",44,6.48,12.2,0.411,280,262,1.56
"315","a",91,8.33,12.3,32.9,383,457,0.323
"316","a",42,4.36,12.7,393,183,161,1.84
"317","a",34,4.94,11.2,10.7,161,200,1.81
"318","a",25,7.08,11.3,0.109,333,301,2.92
"319","a",45,7.45,12.1,1.23,296,332,1.99
"320","a",82,7.51,13,50.5,308,272,0.0815
"321","a",57,6.23,11.8,7300,311,256,0.469
"322","a",72,7.18,13.1,0.0471,278,313,0.194
"323","a",12,6.79,11.7,141,288,289,5.93
"324","a",58,5.93,12.8,1.08,248,218,0.302
"325","a",25,4.67,12.3,0.0656,182,207,2.79
"326","a",74,6.13,12.4,24.7,248,233,0.959
"327","a",28,3.33,11.8,64.1,145,136,3.09
"328","a",57,8.74,12.2,4.61,376,311,0.748
"329","a",38,1.49,11.9,1.06,55.3,57.2,2.43
"330","a",45,4.79,11.5,2.19,163,165,0.662
"331","a",14,8.44,10.1,122,321,408,5.3
"332","a",88,5.29,11.5,0.157,245,186,0.493
"333","a",7,6.69,12.6,40.3,268,316,9.15
"334","a",11,7.76,12,25.1,320,316,7.43
"335","a",30,10.3,11.6,57.8,420,285,2.05
"336","a",90,5.99,12.8,15.7,242,213,0.582
"337","a",91,5.71,12.7,1.62,213,244,0.451
"338","a",36,5.69,12.9,111,194,202,0.803
"339","a",45,3.88,11.8,0.134,142,139,2
"340","a",100,3.79,12.4,27.6,145,172,0.574
"341","a",1,5.75,11.6,8.46,215,319,11.5
"342","a",29,9.52,11.3,0.867,397,365,3.05
"343","a",56,7.98,12.9,143,338,365,0.93
"344","a",67,8.64,11.7,0.643,387,349,0.369
"345","a",40,5.64,11.7,12300,297,260,1.66
"346","a",68,6.8,11,23.9,292,242,0.0401
"347","a",9,6.63,12.6,3.44,308,305,7.86
"348","a",89,6.06,12.7,41.8,253,267,0.961
"349","a",98,7.47,11.1,480,345,403,0.033
"350","a",4,8.27,11.4,86.2,326,437,10.1
"351","a",6,9.2,11.5,2.12,352,367,8.55
"352","a",87,3.28,12.6,39.4,112,145,0.275
"353","a",35,7.34,12.1,873,289,379,2.88
"354","a",49,2.17,11.5,37.4,60.2,104,0.561
"355","a",67,5.49,11,88.3,224,223,0.00165
"356","a",23,4.01,13.7,13.5,190,181,3.65
"357","a",21,7.77,12.5,1.64,320,352,3.74
"358","a",100,6.77,10.8,30.6,332,209,0.0847
"359","a",94,7.05,11.2,0.239,316,268,0.145
"360","a",17,7.25,11,135,287,324,5.28
"361","a",28,7.25,13.8,164,288,244,3.22
"362","a",47,8.03,11.5,1820,313,236,1.42
"363","a",63,5.72,13,2.46,273,293,0.223
"364","a",66,4.15,13.2,12.4,169,202,0.405
"365","a",29,8.41,12.2,0.324,319,345,2.73
"366","a",20,8.51,12.4,2.72,376,346,5.21
"367","a",60,5.53,12.2,8.18,240,238,0.375
"368","a",100,7.49,11.3,0.375,300,321,0.432
"369","a",86,8.15,13.6,1.15,367,299,0.832
"370","a",99,5.48,10.3,77.5,243,191,0.169
"371","a",33,6.16,11.4,9.66,260,290,2.08
"372","a",6,9.81,11.5,119,374,501,8.82
"373","a",74,4.25,12.6,0.125,189,190,0.511
"374","a",36,5.42,12.2,1.3,235,245,2.32
"375","a",25,6.16,12.7,8.16,276,181,3.91
"376","a",50,4.59,12.5,1.88,185,213,1.38
"377","a",96,7.46,12.1,17.9,287,324,0.291
"378","a",28,5.6,10.3,3100,196,168,3.14
"379","a",21,2.85,12.5,371,138,119,3.53
"380","a",98,2.5,11.3,21.3,129,115,1.26
"381","a",76,9.09,11,33.3,411,344,0.319
"382","a",72,5.09,11.1,171,212,238,0.031
"383","a",81,7.34,10.1,81.5,312,279,0.374
"384","a",95,7.75,13.5,125,361,311,0.59
"385","a",65,0.703,13,4.33,25.1,29.6,0.372
"386","a",54,6.32,8.68,22.6,311,268,0.261
"387","a",88,7.84,12.1,56.4,338,401,0.0482
"388","a",9,10.2,11.3,29.5,456,435,7.98
"389","a",55,6.47,12.1,2.42,326,285,0.864
"390","a",53,5.28,12.7,9.29,209,244,1.16
"391","a",59,8.18,12.1,36.6,353,294,0.119
"392","a",40,3.18,11.6,0.212,150,153,1.2
"393","a",16,4.79,10.4,8.03,208,222,5.6
"394","a",37,11.1,12.7,6.95,488,360,0.804
"395","a",80,7.21,11.2,0.096,305,300,0.974
"396","a",99,4.53,13.2,32.3,218,217,0.00595
"397","a",35,3.32,12.8,8.6,124,143,2.81
"398","a",84,10.8,13.4,4.3,414,442,0.0907
"399","a",44,6.23,11.5,1410,281,278,2.02
"400","a",7,4.57,11.8,49.1,185,168,8.52
"401","a",57,3.98,10.8,5.54,211,184,1.44
"402","a",26,10.1,12,286,426,245,1.47
"403","a",40,6.02,11.1,227,237,231,1.77
"404","a",19,7.01,10.7,142,323,231,3.89
"405","a",46,10.3,11.8,1.48,444,411,1.74
"406","a",46,6.95,12.4,1.12,287,244,1.52
"407","a",84,8.32,12.7,0.818,329,455,0.0778
"408","a",61,3.75,12.7,6.57,189,127,0.635
"409","a",26,2.84,11.2,19,118,119,2.95
"410","a",70,7.02,12.3,13.2,289,298,0.0907
"411","a",79,2.86,11.4,1.32,112,131,0.7
"412","a",63,6.12,12.3,27,258,287,0.223
"413","a",49,5.6,11.7,57.3,227,274,1.51
"414","a",33,5.12,13,17.8,218,226,2.16
"415","a",43,6.57,12.5,44.3,312,281,1.59
"416","a",6,6.1,11.5,27.4,258,237,9.7
"417","a",34,3.76,13.6,4.66,125,150,2.68
"418","a",84,6.19,10.7,96.6,263,325,0.0878
"419","a",2,5.8,10.4,27.5,265,210,11.1
"420","a",87,6.41,10.9,107,298,167,0.385
"421","a",17,5.94,12.3,0.347,225,216,5.79
"422","a",98,2.64,12.3,56.2,105,129,0.139
"423","a",40,7.66,12.9,28.8,352,447,1.33
"424","a",48,7.95,9.74,10.7,362,363,1.22
"425","a",69,8.14,12.6,53.5,322,450,1.41
"426","a",3,5.16,12.9,41.1,191,193,10.1
"427","a",36,4.32,12.6,6.81,136,168,1.94
"428","a",71,6.15,10.1,26.9,251,231,0.856
"429","a",99,0.682,11.5,10.1,60.6,31.1,0.624
"430","a",54,7.04,11.6,28,311,312,0.433
"431","a",78,4.2,11.5,82.6,201,166,0.905
"432","a",45,7.32,11,0.156,299,259,1.43
"433","a",32,8.46,12.6,6.6,366,312,1.83
"434","a",44,5.12,11.2,1.09,175,251,1.96
"435","a",48,7.31,11.8,2.22,346,328,0.772
"436","a",38,4.34,12.5,8.29,194,198,2.29
"437","a",88,6.93,13.3,23,258,299,0.152
"438","a",18,7.62,12.7,253,350,382,5.39
"439","a",7,6.95,12.2,52.8,303,306,7.92
"440","a",90,5.62,10.9,14.8,233,269,0.123
"441","a",28,3.46,11.6,2.05,125,167,2.92
"442","a",24,6.77,12.5,45.9,288,251,3.54
"443","a",41,4.48,12.7,5.5,204,167,1.43
"444","a",44,4.42,13.3,92.6,192,194,1.61
"445","a",29,7.87,11.2,0.178,313,362,2.33
"446","a",38,8.11,11.2,6.13,325,326,1.19
"447","a",12,8.44,12.2,4.54,392,356,6.89
"448","a",42,6.59,12.2,108,215,226,1.54
"449","a",13,1.11,11.8,120,85.8,50.6,7.15
"450","a",54,5.23,12.7,1390,222,246,1.07
"451","a",28,5.86,12.6,7.3,275,263,2.01
"452","a",98,9.03,10.9,41,406,226,0.764
"453","a",76,10.3,12.6,4.43,452,428,0.396
"454","a",90,7.49,10.5,5.72,307,272,0.0337
"455","a",51,4.42,12.7,0.0545,134,147,1.18
"456","a",85,6.43,13.8,2.11,259,259,0.118
"457","a",54,4.88,11.1,95.1,221,192,0.735
"458","a",23,5.31,11.8,175,202,226,4.13
"459","a",40,7.05,12.2,50.7,337,368,1.02
"460","a",55,4.65,12.4,8.59,182,178,0.531
"461","a",59,6.06,11.1,2.52,272,267,0.349
"462","a",61,7.48,10.1,1.3,347,273,1.44
"463","a",81,5.92,11.9,227,280,263,0.0107
"464","a",71,4.72,11.6,758,235,152,0.471
"465","a",8,6.39,11.8,212,282,203,8.17
"466","a",20,4.29,11.5,17,178,175,5.05
"467","a",32,6.44,11,651,275,252,2.47
"468","a",25,7.39,13.1,3,313,321,3.1
"469","a",40,5.82,12.5,32.6,224,258,1.97
"470","a",46,6.86,12,19.9,263,284,0.942
"471","a",32,3.55,11.1,0.376,155,133,2.79
"472","a",71,6.28,10.9,22.6,261,265,0.148
"473","a",10,6.52,13.5,807,290,254,7.31
"474","a",21,7.53,10.4,79.3,263,290,3.65
"475","a",78,8.61,13.3,205,363,283,0.964
"476","a",48,7.38,11.9,21.1,324,343,1.62
"477","a",67,3.28,13,2380,136,140,0.711
"478","a",11,6.94,12.5,157,300,268,8.02
"479","a",99,4.45,11.3,9.78,233,190,0.283
"480","a",33,6.44,12.4,17.8,259,262,2.06
"481","a",24,4.93,11.2,111,188,208,3.19
"482","a",83,4.83,13.2,31.5,197,213,0.291
"483","a",48,2.62,12,594,106,121,1.05
"484","a",51,4.01,12.7,1.24,174,160,1.15
"485","a",31,5.18,10.2,68.4,232,241,2.25
"486","a",73,5.65,12.3,44.9,242,261,0.0207
"487","a",5,3.54,13.8,8.49,207,159,8.92
"488","a",82,5.3,13.6,102,251,200,0.464
"489","a",21,7.06,12.2,17.8,275,274,3.45
"490","a",33,3.35,10.9,34.2,129,112,2.65
"491","a",76,3.44,12,300,151,137,0.618
"492","a",69,7.92,12.4,1.47,295,314,0.29
"493","a",84,4.11,10.9,0.293,159,151,0.302
"494","a",2,4.08,11.7,22.3,165,184,10.7
"495","a",91,8.36,12.7,9.55,386,421,0.341
"496","a",96,3.55,11.9,35.7,148,147,0.663
"497","a",30,5.68,12,16.7,218,268,2.05
"498","a",18,4.92,13.4,761,224,203,4.63
"499","a",76,5.66,12.1,102,228,272,0.874
"500","a",95,6.38,11.6,40.4,273,231,0.249
"501","a",29,3.52,12.6,7.36,151,149,3.06
"502","a",35,5.3,13,6.23,235,212,2.02
"503","a",88,2.32,10.8,12.1,52.7,99.7,0.748
"504","a",20,5.62,12.8,7.88,237,214,3.97
"505","a",35,3.11,13.5,1.75,124,140,2.38
"506","a",96,8.16,12.7,41.2,302,446,0.474
"507","a",22,5.66,11.2,9.72,248,224,3.74
"508","a",64,5.18,13.5,136,217,193,0.954
"509","a",95,5.85,13.1,32.8,235,218,0.273
"510","a",98,3.77,11.6,325,134,133,0.1
"511","a",70,6.6,11.2,482,279,271,0.114
"512","a",59,5.4,12.8,97.9,247,169,0.912
"513","a",37,3.28,10.1,186,114,139,1.78
"514","a",12,6.18,14,21.8,199,251,7.15
"515","a",2,5.61,12.6,0.632,282,230,11.7
"516","a",23,5.86,13.2,22.4,232,276,4.36
"517","a",20,9.85,12.3,76.7,409,286,4.45
"518","a",55,7.96,11.9,24.9,385,333,0.23
"519","a",66,6.7,12.5,109,291,238,0.986
"520","a",78,3.17,11.8,86,150,135,0.11
"521","a",32,5.86,11.1,48.9,264,286,1.58
"522","a",83,4.16,11.7,21,178,170,1.34
"523","a",32,4.29,13.8,636,195,193,2.4
"524","a",24,4.57,10.9,65.4,165,183,4.42
"525","a",28,10.5,11.5,10.9,435,531,3.47
"526","a",20,7.13,11.2,1.46,320,332,4.46
"527","a",7,8.3,10.6,0.338,367,354,8.38
"528","a",45,3.42,12.3,2.49,115,166,1.4
"529","a",67,6.82,11.6,2.83,291,336,0.0997
"530","a",27,4.41,11,0.415,192,206,2.33
"531","a",68,6.63,11.6,204,280,224,0.00735
"532","a",31,3.9,12.3,7.84,218,178,1.46
"533","a",88,1.92,12.1,36.3,109,89,0.101
"534","a",81,6.74,13.3,19.3,262,389,0.415
"535","a",30,7.06,13.2,8.48,267,305,2.38
"536","a",41,6.19,11.2,200,281,269,1.36
"537","a",76,5.94,14.1,3.53,258,216,1.41
"538","a",27,7.09,12,49.2,259,307,3.78
"539","a",4,4.6,11,31.1,211,201,9.98
"540","a",60,7.6,10.2,1620,344,323,1.41
"541","a",18,5.26,12.8,886,226,180,4.94
"542","a",41,4.17,11.7,3.64,196,189,2.09
"543","a",68,6.81,12.6,308,239,353,0.0604
"544","a",37,7.22,12,8.88,301,340,1.57
"545","a",32,4.32,11.4,10.5,160,170,2.58
"546","a",36,5.88,13.2,224,283,237,2.86
"547","a",7,4.91,12.8,6.62,216,175,8.78
"548","a",57,6.16,12.6,342,247,292,0.55
"549","a",71,8.51,12.7,1.33,366,398,0.393
"550","a",23,6.11,12.9,27.5,279,250,2.96
"551","a",16,4.73,12,49.7,250,179,5.54
"552","a",2,4.86,12.2,1160,214,199,11.5
"553","a",72,9.4,12.4,1160,381,487,0.274
"554","a",55,9.43,12.8,28,424,401,1.54
"555","a",5,3.78,12.5,0.431,140,177,9.23
"556","a",64,1.21,12.4,106,58.2,48,0.381
"557","a",63,5.05,14.3,29.3,181,187,0.213
"558","a",5,4.5,12.2,6.74,199,195,10.4
"559","a",57,0.48,12.5,13.3,3.51,20.7,0.206
"560","a",95,8.9,13.5,1730,365,448,0.0657
"561","a",64,6.32,14,0.924,303,304,0.302
"562","a",50,6.19,12.4,11.5,231,292,0.494
"563","a",36,8.33,13.1,144,377,215,2.74
"564","a",72,6.93,12.3,4.54,286,317,0.204
"565","a",62,4.35,12.2,1.18,165,172,0.604
"566","a",40,1.3,13.2,179,32.9,57.3,1.74
"567","a",89,4.64,11.7,218,180,172,0.602
"568","a",50,6.87,11.7,129,326,356,0.444
"569","a",19,5.64,12.9,4.42,250,254,3.92
"570","a",68,6.32,11.2,3.72,273,262,0.5
"571","a",54,6.86,11.5,1.96,312,318,0.363
"572","a",28,6.5,12.6,14.9,267,288,2.59
"573","a",86,4.62,12.7,15.8,201,215,0.178
"574","a",65,4.89,12.1,81.3,235,183,0.14
"575","a",27,6.89,12.6,994,251,254,3.99
"576","a",13,7.6,10.9,885,312,301,7.29
"577","a",68,6.6,11.8,1.43,295,248,1.38
"578","a",60,3.36,14.2,8.87,152,131,0.952
"579","a",89,6.14,12.8,27.1,230,218,0.518
"580","a",55,3.45,9.68,3.15,161,145,0.248
"581","a",30,5.65,14.9,12,202,257,3.54
"582","a",5,4.24,11.7,778,150,231,10.2
"583","a",90,8.8,10.8,4.66,375,373,0.695
"584","a",90,3.53,12.5,10.9,110,137,0.833
"585","a",69,4.13,11.3,1.18,176,183,0.557
"586","a",82,4.08,12.4,637,185,193,0.372
"587","a",21,7.43,11.1,26.8,299,377,4.51
"588","a",14,5.61,12.6,5.21,236,206,5.17
"589","a",87,7.99,11.1,0.891,281,271,0.22
"590","a",35,4.81,12,6.47,187,197,1.69
"591","a",64,6.8,11.3,2.61,272,326,0.392
"592","a",4,0.444,13,22,29.8,19.3,8.74
"593","a",53,3.94,10.3,81.8,156,149,0.726
"594","a",56,8.41,11.7,4.75,381,300,0.725
"595","a",8,7.88,12.2,216,347,415,8.19
"596","a",94,6.8,11.6,5.7,253,237,0.225
"597","a",83,5.9,13.4,978,249,265,0.125
"598","a",4,5.03,11.8,0.105,213,216,9.62
"599","a",42,5.2,12,109,210,141,1.91
"600","a",64,7.91,13.7,0.0191,323,384,0.608
"601","b",94,12.5,12.9,0.529,514,665,0.388
"602","b",21,10.8,11,1.33,448,531,4.23
"603","b",38,9.61,12,3.12,386,358,2.27
"604","b",97,10.6,12,0.858,414,425,0.204
"605","b",44,13.9,11.6,2.39,541,447,1.62
"606","b",66,11.9,15,1.31,501,778,0.254
"607","b",51,14.1,11.9,29.4,590,734,0.889
"608","b",36,15.1,11.3,0.054,626,562,2.01
"609","b",58,11.1,12.4,0.127,395,342,0.743
"610","b",48,7.08,11.1,7.43,285,249,0.943
"611","b",87,14.6,12,1.51,611,742,0.27
"612","b",43,8.83,13.1,24.6,404,431,1.21
"613","b",78,13.5,11.1,1.38,546,559,0.12
"614","b",10,10.5,12.9,0.269,441,504,6.66
"615","b",9,12.2,12.8,0.158,513,469,6.9
"616","b",13,16.2,11.3,4.9,642,475,6.02
"617","b",79,12.4,11.1,17.7,530,539,0.0312
"618","b",69,14.8,12.1,0.529,626,471,0.0072
"619","b",97,14.3,12.4,1,557,497,0.83
"620","b",15,11,9.86,1.26,450,416,5.75
"621","b",52,14.5,11.9,11.6,569,569,0.799
"622","b",2,17.7,11.1,0.0214,735,952,10.7
"623","b",64,12,12.7,77.6,453,385,0.379
"624","b",82,9.46,11.6,26.2,374,492,0.607
"625","b",7,10.6,12.8,23.4,389,496,8.98
"626","b",98,6.7,12.5,38.7,308,342,0.0799
"627","b",43,12.5,12.8,0.773,449,482,1.53
"628","b",82,11.4,12.3,10.5,483,557,0.072
"629","b",29,11.3,11.3,0.476,456,485,4.1
"630","b",16,12.5,12.1,2.41,534,386,5.23
"631","b",86,14.9,12.4,2.72,587,324,0.939
"632","b",7,12.3,12.3,44.7,482,731,8.4
"633","b",36,10.6,11.6,2.68,444,428,1.64
"634","b",49,11.8,10.5,5.6,457,626,0.773
"635","b",86,12.3,12.1,21.3,509,588,1.11
"636","b",45,12.2,10.8,2.07,516,493,1
"637","b",53,12.3,13.9,0.551,512,406,1.09
"638","b",12,9.79,11.6,1.07,366,396,6.96
"639","b",82,9.05,13.7,1.99,357,515,0.369
"640","b",90,11.5,10.7,0.0778,445,261,0.188
"641","b",39,10.4,14.3,5.77,415,561,2.45
"642","b",48,12.8,12.2,99.8,509,662,0.579
"643","b",37,11.4,11.7,4.28,451,513,2.45
"644","b",47,10.3,12.5,11.6,398,306,0.503
"645","b",7,13,10.1,12,482,689,7.78
"646","b",10,12.5,12.2,18.8,460,427,6.62
"647","b",36,10.6,11,0.303,404,416,2.07
"648","b",17,11.2,14.2,0.217,467,376,4.99
"649","b",89,9.35,11.8,20.2,415,386,0.613
"650","b",41,12.4,10.6,120,485,396,0.994
"651","b",80,12.8,12.1,4.13,523,648,0.575
"652","b",39,12.6,10.3,0.218,510,499,3.1
"653","b",70,12,12.1,0.751,471,346,0.41
"654","b",39,13.4,10.8,14.2,544,520,1.32
"655","b",32,11.3,12.7,0.371,444,501,2.45
"656","b",80,15.5,12.6,0.103,624,851,0.566
"657","b",88,9.58,12.1,2.92,395,301,0.496
"658","b",22,14.4,12.3,4.95,563,565,3.97
"659","b",53,9.68,11.3,49.4,381,328,1.73
"660","b",66,7.68,11.4,14.7,270,300,0.136
"661","b",20,14.1,11.9,68,580,753,3.92
"662","b",57,13.1,12.2,20.7,550,433,0.982
"663","b",87,10,12.7,6.62,431,343,0.736
"664","b",17,12.9,11.3,17.3,514,506,5.64
"665","b",34,13.4,13.7,3.04,539,659,2.53
"666","b",68,16.4,12.2,23.8,661,504,0.0394
"667","b",56,10.9,13.2,5.58,428,410,0.778
"668","b",22,14.3,12.3,0.296,590,715,4.23
"669","b",51,10.3,13.4,0.215,407,398,1.56
"670","b",14,12,12.1,4.18,465,605,6.41
"671","b",79,11.3,11.9,5.76,443,508,0.146
"672","b",25,11.2,11,19.3,419,306,3.54
"673","b",30,11.4,11.7,18.5,469,534,2.58
"674","b",5,11.7,12.6,1.19,472,521,9.28
"675","b",47,13.1,11.8,149,533,634,0.262
"676","b",21,8.29,13.6,1470,366,347,4.24
"677","b",72,11.2,12.6,0.36,460,368,0.471
"678","b",88,9.92,11.8,0.671,404,439,0.683
"679","b",80,12,12.1,0.804,451,398,0.666
"680","b",53,12.1,11.2,3.67,468,575,1.08
"681","b",52,9.21,13.5,0.124,317,491,0.307
"682","b",97,13.1,10.8,119,526,682,0.45
"683","b",13,14.2,11,1.03,603,634,6.33
"684","b",95,12.9,10.8,95.7,499,440,0.0389
"685","b",61,13.3,11.7,0.846,525,665,0.0838
"686","b",87,12.1,12.9,340,444,705,0.0673
"687","b",72,11.1,13.3,11.1,461,426,0.308
"688","b",70,13.8,11.7,41.8,513,746,0.821
"689","b",100,12.6,12.7,61.5,553,425,0.197
"690","b",13,9.75,13.6,0.201,416,415,6.78
"691","b",36,15.9,12.4,0.637,663,844,2.25
"692","b",65,10.9,11.4,0.834,448,529,1.08
"693","b",61,11.3,14.7,13.5,443,535,0.758
"694","b",46,10.9,11.6,10.3,427,473,2.2
"695","b",38,9.59,12,20.9,422,379,1.69
"696","b",42,9.01,11.7,57.4,379,386,1.66
"697","b",44,12.3,13.6,6.55,505,496,0.344
"698","b",94,14.2,10.6,5.1,558,526,0.16
"699","b",21,11.8,11.1,0.993,426,408,4.03
"700","b",88,10.7,11.8,0.269,443,345,0.0529
"701","b",37,13,11.4,0.259,528,456,1.36
"702","b",79,11.4,11.2,0.191,442,417,0.357
"703","b",48,12.8,12.1,14.6,499,631,0.42
"704","b",56,13,12.4,12.6,528,627,1.19
"705","b",52,12.4,11.5,7.67,458,722,1.49
"706","b",16,12.9,13,6.69,501,728,5.96
"707","b",20,13,12.5,0.461,517,714,4.31
"708","b",30,11.2,12.5,68.4,427,497,3.08
"709","b",65,9.92,13.2,62,368,358,0.45
"710","b",47,12.8,11.7,10.3,516,661,1.7
"711","b",63,13.4,12.2,0.0285,587,689,1.38
"712","b",31,14,12,11.7,534,485,2.99
"713","b",71,9.02,11.4,4.93,343,295,0.919
"714","b",85,12.9,11.7,0.042,536,480,0.124
"715","b",21,9.19,10.9,0.786,374,430,5.48
"716","b",20,13.5,11.3,4.11,531,589,4.57
"717","b",79,15.4,12.4,3.95,614,538,0.141
"718","b",4,11,13.7,12.1,442,595,9.44
"719","b",40,16.2,12.5,19,677,1030,2.08
"720","b",55,15.6,10.9,0.934,605,578,0.204
"721","b",14,12.8,11.7,4.28,519,551,4.81
"722","b",16,13,13.7,3.17,536,507,4.69
"723","b",39,9.52,12,0.61,419,395,1.96
"724","b",27,10,12.2,0.748,428,395,2.58
"725","b",17,9.2,11.3,1.97,329,400,4.83
"726","b",52,12.1,12.2,8.29,523,513,0.0586
"727","b",34,11.2,11.3,0.424,422,577,2.14
"728","b",75,11.3,14,5.24,457,596,0.273
"729","b",68,8.54,11.1,5.52,335,430,0.27
"730","b",40,12.8,11.7,7.38,498,424,1.14
"731","b",56,10.5,11.3,5.43,386,420,0.169
"732","b",21,9.91,12.3,53,352,345,4.09
"733","b",30,15.4,11.8,0.047,584,606,3.06
"734","b",33,13.2,11.8,135,533,599,2.59
"735","b",50,13.6,10.3,499,544,710,0.546
"736","b",87,14.6,12.5,17.1,575,631,0.58
"737","b",38,13.3,12.5,1.88,522,578,2.33
"738","b",37,10,12.7,95.2,420,336,1.13
"739","b",62,15.4,11.3,1.94,622,641,0.151
"740","b",57,11.2,12.1,8.98,453,506,0.9
"741","b",46,13,12.2,30,512,569,0.956
"742","b",57,10.8,11.7,3.14,464,599,0.994
"743","b",73,14.2,11.2,26.7,563,546,1.16
"744","b",52,12.6,12,34.9,503,457,1.75
"745","b",41,13.2,11.9,10.1,512,627,2.1
"746","b",44,12.1,10.7,3.63,485,491,1.71
"747","b",22,13.8,12.2,1.59,515,457,3.93
"748","b",7,13.3,10,50.4,550,672,8.77
"749","b",52,12.2,10.8,0.0711,459,597,0.464
"750","b",61,8.73,12.6,14.3,344,350,0.686
"751","b",22,11.6,10.9,1.12,438,575,3.77
"752","b",79,12.3,10.7,1.58,479,470,0.276
"753","b",53,10.8,11.7,0.287,482,410,0.569
"754","b",36,7.21,10,4.56,289,326,1.2
"755","b",1,13.8,10.7,0.239,569,566,10.8
"756","b",34,12,11.5,0.0652,515,495,2.37
"757","b",83,14,11.7,0.156,581,651,0.0824
"758","b",13,10.5,12.7,25,394,515,6.39
"759","b",75,11.6,11.1,3.07,439,453,0.831
"760","b",44,12.1,12.2,1.53,530,719,2.24
"761","b",87,9.58,12.9,3.17,409,351,0.863
"762","b",89,12.3,11.8,40,498,529,0.377
"763","b",39,12,11.8,456,487,639,1.41
"764","b",76,7.19,11.8,4.56,307,282,0.248
"765","b",54,7.31,12.8,2.64,277,326,0.514
"766","b",75,11.4,11.1,2.69,446,485,0.379
"767","b",46,9.55,12.2,9.52,384,368,1.35
"768","b",17,11.8,10.9,11.5,486,404,6.21
"769","b",66,11.2,12.1,0.86,455,410,0.508
"770","b",30,7.45,11.2,7.59,326,269,3.06
"771","b",79,7.05,13.3,0.796,339,235,0.805
"772","b",40,9.99,10.4,620,397,325,1.45
"773","b",60,13.2,13.2,0.7,549,642,1.04
"774","b",5,15.4,12.8,0.0463,579,697,9.42
"775","b",86,12,12.2,0.0509,505,548,0.244
"776","b",13,13,11.9,8.34,506,590,5.9
"777","b",28,10.2,10.6,0.0344,460,410,2.39
"778","b",81,12,12.6,15.1,466,613,0.388
"779","b",37,16.1,11.3,6.16,647,664,2.8
"780","b",18,12.3,11.1,0.546,421,502,5.47
"781","b",96,7.76,12.3,0.229,380,288,0.358
"782","b",50,13.2,11.8,9.93,561,625,0.515
"783","b",52,12.8,11.7,7.87,507,423,0.902
"784","b",14,11,11.1,9.48,465,472,6.01
"785","b",45,9.22,14.3,2.47,374,351,1.7
"786","b",16,8.11,11.6,378,277,403,5.64
"787","b",86,8.19,12.8,3.74,320,288,1.17
"788","b",33,12.3,13.4,0.0661,495,387,2.83
"789","b",23,13.7,13.2,27.2,545,660,2.94
"790","b",78,16.3,12.4,2.37,621,555,0.625
"791","b",94,9.62,10.1,3.22,379,370,0.275
"792","b",7,12.6,10.6,24.6,435,436,7.88
"793","b",95,11.7,11.8,1.44,482,613,0.765
"794","b",25,12.3,11.7,10.8,465,530,3.82
"795","b",6,13,11.1,2.25,497,613,7.79
"796","b",17,17.5,12.8,0.0781,713,478,4.61
"797","b",56,11.8,12.2,1.56,462,544,0.722
"798","b",35,10,11.5,4.52,381,427,1.96
"799","b",8,11.9,11.7,12.4,468,466,7.94
"800","b",66,9.99,11.2,0.61,379,320,0.565
"801","b",32,13.1,12,0.305,551,434,2.27
"802","b",97,10.3,11.5,14.3,481,623,0.0889
"803","b",83,12.3,12.8,1.07,510,335,1.14
"804","b",52,10.6,13.6,67.9,428,472,1.84
"805","b",4,14.4,10.6,27.2,558,609,9.55
"806","b",64,12.4,11.9,6.61,472,409,0.576
"807","b",55,10.9,12.7,161,441,520,0.378
"808","b",79,10.7,13.5,0.944,408,464,0.272
"809","b",69,12.4,10.6,3.26,522,508,0.23
"810","b",70,10.1,11.8,0.582,412,451,0.0594
"811","b",54,8.6,10.9,7.3,335,439,0.372
"812","b",48,13.7,12.2,0.38,550,713,1.61
"813","b",61,12.2,11.2,71.9,489,489,0.814
"814","b",29,10.8,11.2,0.0144,476,446,3.12
"815","b",19,11.7,12.6,508,496,568,4.27
"816","b",88,11.6,13.5,10.9,466,436,0.955
"817","b",30,11.4,13.5,7.98,490,477,2.89
"818","b",49,9.68,14,0.671,376,504,1.55
"819","b",12,9.45,14.2,407,345,399,7.21
"820","b",78,14.5,13.4,1.01,572,368,0.136
"821","b",71,15.9,11.3,0.0421,663,437,0.0571
"822","b",11,11.1,12.4,0.272,454,297,7.44
"823","b",42,9.81,10.7,1.67,408,460,0.807
"824","b",31,11.1,12.3,14.2,474,497,2.93
"825","b",70,9.38,12.2,0.784,380,340,0.0921
"826","b",30,11.9,12.1,96.4,470,599,2.24
"827","b",75,11.2,11.9,4.19,450,355,1.5
"828","b",74,11.9,11.3,0.799,484,521,0.0486
"829","b",33,4.6,11.5,0.323,196,183,2.2
"830","b",35,13.8,12.5,5.85,541,593,3.18
"831","b",47,11.1,13,33.6,406,614,0.932
"832","b",1,12.3,11.5,23,493,350,11.2
"833","b",26,11.3,9.54,23.6,445,500,2.59
"834","b",74,12.9,11.1,0.0591,525,709,0.344
"835","b",57,9.12,11.3,0.282,328,379,0.885
"836","b",53,13.1,11.6,0.0872,543,517,1.44
"837","b",56,11.2,11.3,118,475,435,1.2
"838","b",74,14.2,10.1,14.9,599,889,0.203
"839","b",70,10,12.2,7.54,382,336,0.262
"840","b",69,10.4,12,4.78,409,459,0.873
"841","b",37,8.86,12.6,6.28,326,360,0.947
"842","b",9,6.99,11.8,14,203,288,7.65
"843","b",82,11.1,12.5,10.6,433,391,0.112
"844","b",57,13.3,13.7,0.067,566,625,0.143
"845","b",50,14.7,12.8,1.27,641,482,0.672
"846","b",15,13.8,11.8,1.72,534,596,5.7
"847","b",65,12.2,12.4,2.79,485,492,0.306
"848","b",57,13.5,11.9,9.51,553,724,1.21
"849","b",83,12.6,13.2,8.85,536,394,0.592
"850","b",100,14.3,11.5,91.5,598,318,0.808
"851","b",20,10.4,11.3,0.263,389,422,5.23
"852","b",85,13.4,13.1,1.8,562,538,0.147
"853","b",50,10.2,11.3,32.8,383,561,1.95
"854","b",22,12,11.7,0.598,511,573,3.51
"855","b",65,13.8,12.2,3.25,560,673,1.43
"856","b",90,13,12.5,129,519,598,0.48
"857","b",86,12.5,11.4,31.3,515,424,0.108
"858","b",26,15.3,11.3,4.8,626,741,3.56
"859","b",23,12.9,11.9,83.9,512,499,3.38
"860","b",6,11.1,10.6,6.17,438,352,8.14
"861","b",55,13.3,12,60.6,527,860,1.13
"862","b",17,13.8,12.7,0.998,569,428,4.75
"863","b",25,12.7,11.6,3.54,567,859,4.2
"864","b",19,11,12.6,2.09,404,563,5.11
"865","b",32,10.1,9.67,0.232,387,473,1.55
"866","b",79,14.5,11,0.505,622,730,0.274
"867","b",15,12.1,12.9,5.61,485,634,5.93
"868","b",5,12.1,12.1,1.96,482,373,9.2
"869","b",46,13.2,11.9,0.39,563,400,1.53
"870","b",22,13.4,10.3,0.681,530,549,3.8
"871","b",63,14.9,11.5,15.9,596,701,0.859
"872","b",90,14.1,11.7,16.8,544,198,0.337
"873","b",68,14.9,11.7,0.0528,566,824,0.0598
"874","b",39,11.7,11.1,51.5,472,492,1.53
"875","b",63,17.9,12,0.157,712,1390,0.692
"876","b",98,12.8,10.8,0.342,476,519,0.219
"877","b",100,14.8,13.2,5.84,629,740,0.193
"878","b",69,11.7,12.4,1,459,493,0.876
"879","b",19,14.2,14.8,2270,586,880,4.03
"880","b",7,13.6,10.7,1.33,487,659,8.07
"881","b",91,11.2,13.7,2.61,465,391,0.677
"882","b",10,9.08,11.9,6.8,360,209,7.25
"883","b",40,11.9,12.1,22.7,481,541,1.84
"884","b",42,9.21,12.7,17.3,420,446,1.98
"885","b",53,12.7,13.9,19.6,510,613,0.789
"886","b",14,14.5,11.1,0.313,607,448,6.75
"887","b",34,13.4,11.5,0.495,543,322,2.02
"888","b",20,13.5,11.6,5.42,555,387,5.63
"889","b",60,9.38,11.3,6.66,367,473,0.771
"890","b",83,12.3,13,0.562,485,637,0.479
"891","b",59,11,11.5,5.06,472,309,0.851
"892","b",1,13.4,12.4,3.01,542,466,11.8
"893","b",70,10.6,9.75,0.88,405,484,0.133
"894","b",47,11.3,13.3,20.9,480,498,0.776
"895","b",83,13.7,13,0.0636,566,620,0.922
"896","b",26,11,12.2,147,427,542,3.96
"897","b",66,9.93,11.8,17.7,426,318,0.24
"898","b",10,14.2,13,0.668,557,751,6.36
"899","b",70,11.7,11.4,0.0564,449,656,0.693
"900","b",62,14.3,11.5,10.1,558,514,0.303
"901","b",79,12,12.7,0.405,482,567,0.704
"902","b",41,12.9,10.7,8.48,472,360,0.791
"903","b",12,11.8,10.5,33.6,425,369,6.82
"904","b",50,10.1,11.1,62.3,404,359,0.904
"905","b",91,15.8,12.7,19.9,642,725,0.199
"906","b",54,12.3,9.9,4.13,479,446,2.16
"907","b",86,12.7,11.4,0.829,526,705,0.185
"908","b",26,9.08,11.1,8.34,369,302,3.67
"909","b",86,12.1,11.3,47.9,518,577,0.466
"910","b",71,16,12.1,14.8,622,657,0.191
"911","b",84,12.2,11,7.5,434,561,0.257
"912","b",21,15.5,11.3,1.6,685,452,4.83
"913","b",69,11.8,10.9,2100,479,471,0.065
"914","b",57,13.1,12.4,0.567,540,563,0.941
"915","b",31,11.6,11.1,2.34,460,540,3.32
"916","b",76,11.9,13.3,1.76,512,481,0.109
"917","b",17,6.83,9.4,25.3,280,224,4.59
"918","b",29,13,12.9,1.92,554,560,2.37
"919","b",15,12.7,13,0.738,490,540,4.59
"920","b",93,12.8,9.47,2.12,553,454,0.514
"921","b",74,8.38,14,6.03,334,365,0.404
"922","b",70,10.2,10.8,3.45,374,378,0.793
"923","b",13,14,12.1,3.62,613,842,6.38
"924","b",15,10,10.6,1.19,389,349,5.11
"925","b",27,13.5,12.5,0.134,507,640,2.74
"926","b",62,10.9,12.4,10.8,411,451,0.413
"927","b",23,13.6,11.2,24.7,517,671,2.77
"928","b",47,11.2,11.9,23.1,394,439,1.37
"929","b",27,13,11.3,0.0518,532,523,3.01
"930","b",3,11.1,12.6,161,422,468,9.98
"931","b",64,11.9,12.6,5.77,435,567,0.774
"932","b",66,16,12.2,0.195,616,708,0.509
"933","b",99,11.7,11,2.17,457,324,0.095
"934","b",95,9.91,13.1,2.61,397,385,0.21
"935","b",36,9.37,10.1,4.58,378,394,1.69
"936","b",29,12.7,12.3,6.25,498,467,2.68
"937","b",42,11.4,11,3.54,425,618,1.69
"938","b",83,9.66,11.8,0.0504,351,319,0.0796
"939","b",23,10.6,11.1,0.768,378,432,4.04
"940","b",83,11.2,11.8,5.78,447,542,0.768
"941","b",75,9.76,12.4,24.3,376,390,0.29
"942","b",64,10.3,11.7,19.6,454,324,0.0892
"943","b",44,12.4,12.2,0.149,476,488,0.315
"944","b",2,10.9,12.8,8.84,410,591,10.5
"945","b",52,11.2,11.1,4.33,507,333,1.67
"946","b",48,10.8,11.5,0.251,442,601,1.06
"947","b",80,14.4,12.8,0.473,624,798,1.01
"948","b",75,13.2,11.6,2.98,518,560,0.0839
"949","b",12,13.7,10.4,0.323,578,525,6.63
"950","b",34,11.7,13.2,0.0558,463,602,2.84
"951","b",93,9.6,12.4,0.665,417,487,0.302
"952","b",46,12.5,13.5,4.59,488,658,0.85
"953","b",40,10.4,12.2,1.97,440,412,1.78
"954","b",49,8.42,12.7,22.7,346,283,0.737
"955","b",35,9.44,10.1,15,330,257,1.44
"956","b",48,14.1,10.2,78.4,597,638,1.27
"957","b",66,9.22,12.7,1.84,301,367,0.37
"958","b",66,15,10.7,85.8,595,541,0.00139
"959","b",67,10.9,13.2,88.9,414,494,0.0708
"960","b",96,14.1,11.9,5.66,555,523,0.317
"961","b",19,11.9,13.2,23.2,508,442,4.98
"962","b",31,12.4,11.7,4.6,521,521,3.09
"963","b",81,12,10.5,1.48,527,393,0.691
"964","b",6,11.3,11.8,0.0221,432,358,8.65
"965","b",60,12.9,13,6.1,519,511,0.04
"966","b",54,7.35,11,1.55,300,312,0.461
"967","b",82,12.5,11.8,10.2,458,456,0.221
"968","b",65,10.4,11.2,1.9,403,383,0.564
"969","b",27,12.3,10.1,76.7,479,538,3.41
"970","b",8,11.4,12.6,59.1,472,464,7.63
"971","b",90,14.1,11.3,6.71,600,530,0.412
"972","b",93,9.91,10.8,8.57,408,448,0.535
"973","b",14,13.4,12,231,507,471,5.76
"974","b",97,10.3,12.6,331,396,325,0.108
"975","b",39,11.8,9.25,0.593,459,357,1.35
"976","b",56,13.4,12.5,0.112,548,655,0.692
"977","b",3,12.9,14.1,99.5,524,539,10.6
"978","b",12,13.1,10.6,66,552,718,7.03
"979","b",21,10.5,13.2,0.722,430,649,5.28
"980","b",1,16.1,11.9,0.0705,647,604,11.5
"981","b",29,10.6,12.3,157,445,506,2.88
"982","b",69,13,11.8,7.14,534,628,0.519
"983","b",97,16.5,11.3,2.01,681,495,0.15
"984","b",40,12.4,11.4,1900,492,746,1.05
"985","b",88,12.5,11.3,5.54,525,606,0.364
"986","b",96,11.7,12.2,4.53,482,555,0.855
"987","b",75,14.4,12.2,0.54,556,557,0.167
"988","b",82,14.6,11.2,3.72,631,623,0.81
"989","b",53,11.8,13,3.27,493,423,0.312
"990","b",63,6.95,13.9,2.32,276,331,0.947
"991","b",60,12.2,12.7,35.3,482,527,0.996
"992","b",46,9.53,13.5,11,440,349,0.593
"993","b",7,13.3,11.8,11.4,596,668,8.62
"994","b",79,11.6,12.7,0.228,491,557,0.118
"995","b",75,13,12.1,0.851,500,493,0.459
"996","b",25,13.1,14.1,0.179,529,619,2.83
"997","b",4,10.8,11.7,0.586,437,314,9.57
"998","b",40,12.4,13.3,4.59,471,467,2.08
"999","b",86,14.1,12.8,4.84,548,474,0.15
"1000","b",38,13.8,12,0.773,501,704,2.19
"1001","b",88,14.9,13.9,15,625,449,0.418
"1002","b",27,12.3,11.2,58.2,497,481,2.92
"1003","b",52,12.8,10.6,0.0241,489,591,0.593
"1004","b",19,9.77,12.4,51.9,334,517,4.63
"1005","b",55,10.5,10.9,0.937,464,482,0.336
"1006","b",80,10.9,10.6,0.347,467,286,0.563
"1007","b",10,9.32,11.1,8.16,411,298,6.84
"1008","b",93,10.2,11.6,7.72,416,518,0.391
"1009","b",87,10.7,12.7,20.8,432,361,0.507
"1010","b",10,13.8,13.8,12.5,585,514,6.84
"1011","b",7,9.77,12.4,10.5,373,280,7.87
"1012","b",32,12.2,12.3,2.11,449,496,1.31
"1013","b",34,10.2,11.3,1.18,421,388,2.63
"1014","b",65,14.5,11.8,5.6,582,525,0.219
"1015","b",15,14.8,12.4,4.03,549,447,5.9
"1016","b",70,10.7,13,18.5,414,369,0.354
"1017","b",47,11.7,12.2,0.662,438,390,1.06
"1018","b",34,9.6,11.1,1.12,381,373,1.87
"1019","b",78,9.73,12.2,14.9,379,252,0.256
"1020","b",98,9.76,13,0.1,381,556,0.668
"1021","b",93,8.5,13.7,6.85,370,281,0.252
"1022","b",4,12.8,12.3,0.148,488,437,9.78
"1023","b",3,10,11.5,4.25,409,431,10.3
"1024","b",37,11.9,13.7,36.1,452,540,1.79
"1025","b",27,10.3,12.7,4.81,418,422,3.47
"1026","b",49,9.65,10.3,213,414,498,1.05
"1027","b",9,13.3,11.2,0.0831,532,316,7.24
"1028","b",42,11.7,11.2,20.4,501,302,1.32
"1029","b",43,10.6,11.2,1.07,411,539,1.82
"1030","b",26,12.8,9.08,59.7,505,358,3.34
"1031","b",97,9.96,12.3,186,423,310,0.0808
"1032","b",59,11.7,10.5,1.39,471,585,0.167
"1033","b",91,13.6,10.9,5.2,547,522,0.388
"1034","b",66,11.2,13.6,3.11,424,423,0.366
"1035","b",9,7.98,12.6,10.4,319,295,8.13
"1036","b",34,13.1,13.1,0.991,522,509,2.15
"1037","b",81,10.9,14.6,27.5,488,362,0.353
"1038","b",64,12.7,10.9,1.14,489,553,0.634
"1039","b",25,11.4,12,15.7,451,413,3.62
"1040","b",76,14.2,10.6,2.97,564,901,0.755
"1041","b",14,12.9,11.1,3.44,465,599,5.8
"1042","b",43,9.99,11.9,3.25,395,386,1.16
"1043","b",58,14.6,12,17.4,582,715,0.117
"1044","b",9,14.3,13.1,30,525,490,6.83
"1045","b",94,15.6,10.6,18.9,621,466,0.109
"1046","b",5,12.4,10.2,25.4,500,472,9.28
"1047","b",98,14.2,11.8,7.17,563,424,0.174
"1048","b",27,13.8,11.6,42.7,544,616,4.21
"1049","b",12,11,11,3.5,397,634,5.03
"1050","b",93,14.8,11.2,5.1,593,698,0.209
"1051","b",84,9.38,12.6,1.67,398,481,0.197
"1052","b",31,9.72,11.4,0.173,399,531,2.43
"1053","b",97,11.9,12.6,42.7,489,392,0.172
"1054","b",22,12,11.6,19.8,468,481,3.56
"1055","b",24,13.5,13.4,60.1,605,531,4.3
"1056","b",94,14.9,11.7,2.67,637,587,0.246
"1057","b",36,16.2,11.1,4.34,630,648,1.85
"1058","b",86,13.3,9.92,0.272,527,463,0.226
"1059","b",46,11,11.3,0.595,444,577,1.58
"1060","b",5,14,13.6,32.9,598,966,10.3
"1061","b",11,10.9,11.9,3050,412,304,7.48
"1062","b",4,14.6,11.3,21.8,635,382,9.18
"1063","b",21,10.8,11.7,2.23,407,603,4
"1064","b",95,11.5,11.3,96.6,490,543,0.169
"1065","b",68,12.6,11.1,2.42,499,338,0.542
"1066","b",44,11.6,13.5,288,478,624,0.295
"1067","b",33,13.1,11.6,4.33,525,349,1.45
"1068","b",88,8.47,12.1,6.82,339,331,0.00312
"1069","b",31,10.5,12.4,5.25,389,379,2.32
"1070","b",66,13.6,12.1,1.28,532,634,0.0226
"1071","b",35,14,11.1,3.06,550,813,1.88
"1072","b",72,9.64,12.4,0.162,408,477,0.95
"1073","b",65,13,11,16.7,519,641,0.393
"1074","b",31,15.3,12.2,238,627,352,2.03
"1075","b",13,13.4,12.2,2.64,524,390,5.5
"1076","b",66,14.6,12.3,187,591,733,0.631
"1077","b",46,12,13.6,4.15,453,419,0.906
"1078","b",14,13.5,11.4,0.0991,517,627,5.06
"1079","b",52,12.6,13.2,1.1,516,513,0.75
"1080","b",38,14.4,10.9,1.45,552,885,1.34
"1081","b",94,13.7,11.6,5.01,593,354,0.405
"1082","b",70,14.5,11.3,4.08,544,843,1.43
"1083","b",78,13.2,11.9,0.607,540,382,0.695
"1084","b",63,10.8,13.3,14,403,454,0.674
"1085","b",62,11.6,11.2,47.1,435,544,0.424
"1086","b",54,12.8,13.1,262,472,695,0.933
"1087","b",99,13,13.3,2.05,521,682,1.04
"1088","b",9,12.4,11.1,33.4,480,620,7.22
"1089","b",98,9.12,13.8,18.1,380,280,0.088
"1090","b",31,8.23,13,4.76,342,343,2.37
"1091","b",86,9.46,12.5,11.1,380,270,1.25
"1092","b",31,11,12.9,100,393,493,2.59
"1093","b",12,13.2,10.6,5.13,539,746,6.58
"1094","b",56,14.7,11.4,0.24,609,508,0.692
"1095","b",5,13.1,11.4,434,513,593,9.79
"1096","b",48,9.26,11.6,2.28,392,414,0.962
"1097","b",78,10.9,9.81,0.873,455,655,0.276
"1098","b",69,11.8,11.6,1.9,492,356,0.711
"1099","b",23,10.3,11.4,615,411,448,4.37
"1100","b",47,9.58,12.8,196,417,444,1.12
"1101","b",10,8.8,12.1,29.4,381,380,6.3
"1102","b",58,13.2,11.1,1.68,577,386,1.09
"1103","b",98,15.6,10.9,32.8,632,485,0.625
"1104","b",20,8.59,11,0.555,328,232,4.11
"1105","b",64,11.5,13.4,2.64,419,599,1.16
"1106","b",7,12.4,11.6,2.72,502,554,9.39
"1107","b",90,12.3,12.6,22.3,439,458,0.676
"1108","b",49,14.4,11.6,14.7,593,686,1.23
"1109","b",88,8.93,12.1,0.282,328,282,0.231
"1110","b",19,13.6,14.2,0.192,572,558,4.86
"1111","b",61,13.4,13.8,3.5,544,586,0.678
"1112","b",35,13.1,13.7,19.1,534,565,1.84
"1113","b",65,15.4,12.7,2.63,621,521,0.543
"1114","b",50,12.7,12.7,1.9,502,661,1.61
"1115","b",58,12.5,12.8,467,505,509,1.64
"1116","b",48,9.19,11.4,4.88,360,366,0.893
"1117","b",16,14.9,11.4,2.19,617,539,5.19
"1118","b",17,12.6,11,11.7,516,452,4.98
"1119","b",17,12.9,10.8,0.511,531,445,5.62
"1120","b",66,11.8,11.9,14.7,462,764,0.453
"1121","b",95,14.6,11.5,0.888,626,798,0.54
"1122","b",8,10.1,12.7,161,446,334,7.28
"1123","b",42,13.2,12.1,2.45,517,772,1.3
"1124","b",55,8.58,13.4,130,342,422,0.424
"1125","b",43,11.7,11.7,0.355,516,468,0.73
"1126","b",32,12.9,11.8,13.8,490,450,2.79
"1127","b",76,12,10.2,5.19,506,482,0.532
"1128","b",59,13.7,13.4,23.9,492,651,0.82
"1129","b",8,11.5,10.6,0.335,423,548,8.03
"1130","b",73,13.2,11.3,4.64,510,675,0.641
"1131","b",72,13.8,11.8,529,573,531,0.0889
"1132","b",48,11.4,12.3,0.661,465,334,0.733
"1133","b",42,11.6,11,6.75,466,426,1.65
"1134","b",27,16.7,12.1,6.59,691,848,2.12
"1135","b",44,15.2,13.2,68.9,640,624,1.55
"1136","b",52,13.6,10.7,206,534,647,0.852
"1137","b",1,13.4,12.1,0.653,508,241,11.5
"1138","b",54,13.8,13.1,2.26,570,477,0.189
"1139","b",10,12.9,9.58,0.0978,537,768,6.79
"1140","b",15,11.2,11.4,0.283,413,410,6.17
"1141","b",29,13.5,12,11.5,535,559,2.55
"1142","b",18,10.9,11.1,61.7,438,485,4.6
"1143","b",67,12.8,12.6,5.4,511,560,0.468
"1144","b",44,11.6,11.4,0.873,488,358,2.07
"1145","b",19,12.8,13.3,3640,517,666,4.8
"1146","b",73,13.3,9.65,0.273,499,662,0.226
"1147","b",70,8,12.8,0.297,336,356,0.402
"1148","b",58,12.1,11.2,5.93,507,615,1.91
"1149","b",33,12.1,13.3,2.66,499,560,2.9
"1150","b",62,8.99,12.5,218,360,354,0.897
"1151","b",96,11.4,11.6,2.48,443,533,0.507
"1152","b",95,16.1,11.8,7.79,623,525,0.775
"1153","b",29,9.25,12.1,6.74,364,402,2.98
"1154","b",27,10.8,12.9,0.705,451,374,2.93
"1155","b",71,9.95,11.6,0.753,338,419,0.0232
"1156","b",32,11.3,10.8,2.62,457,464,3.81
"1157","b",39,10.2,12.8,0.0808,350,384,1.91
"1158","b",77,10.9,12.6,2.19,439,584,0.481
"1159","b",66,9.96,12.7,0.236,381,473,1.71
"1160","b",22,9,13,14.6,367,490,3.95
"1161","b",99,8.83,11,5.7,302,245,0.465
"1162","b",94,15.6,10.9,8.98,643,874,0.447
"1163","b",21,15.8,10,2.65,590,700,3.41
"1164","b",34,12,12.2,108,460,449,2.13
"1165","b",66,13.2,12.8,39.9,506,563,0.399
"1166","b",82,11.1,13.8,46.1,473,470,0.807
"1167","b",55,9.95,11.6,96,380,269,1.17
"1168","b",37,16.4,12.8,21.2,670,517,2.51
"1169","b",69,13,12.3,0.985,486,518,1.21
"1170","b",84,10.9,12.5,10,444,453,0.701
"1171","b",1,13.8,11.8,1.93,520,746,11
"1172","b",69,15.6,13.1,1.33,640,660,0.0496
"1173","b",33,11.4,14.1,52.8,458,534,1.96
"1174","b",73,11.5,12.7,0.383,484,561,0.672
"1175","b",47,8.86,12.6,0.257,366,359,0.672
"1176","b",75,6.46,12.2,6.26,255,353,0.00273
"1177","b",1,11.4,11.7,0.0932,463,342,11.4
"1178","b",10,6.42,12.2,23.9,230,300,7.25
"1179","b",60,12.3,12.8,8.89,494,760,0.281
"1180","b",39,10.9,11.7,0.336,428,285,2.18
"1181","b",76,14.1,11.3,3.44,549,373,0.639
"1182","b",48,11.6,10.8,1.62,453,380,0.639
"1183","b",36,16.5,11.9,5.12,659,778,2.2
"1184","b",100,15.8,13.5,0.0529,580,462,0.361
"1185","b",12,11.3,11,283,439,301,6.02
"1186","b",52,14.2,10.7,187,581,646,0.356
"1187","b",27,10.1,11.1,0.685,391,416,3.24
"1188","b",36,17,12.4,1.16,696,531,2.12
"1189","b",67,13.5,11.2,0.721,558,509,0.607
"1190","b",64,10.2,12,23.4,414,223,0.688
"1191","b",14,14.2,11,12.9,531,713,5.27
"1192","b",88,10.7,11.3,0.173,454,550,0.596
"1193","b",2,13.8,10.7,14.3,542,856,9.9
"1194","b",67,13,10.2,2.33,549,585,0.462
"1195","b",38,11.1,12.2,16.9,471,442,1.66
"1196","b",67,9.75,10.4,21.1,369,478,1.06
"1197","b",67,11.2,11,5.02,475,522,0.0414
"1198","b",84,13,11.7,1.27,510,517,0.2
"1199","b",39,10.9,12.6,0.0786,442,378,1.34
"1200","b",6,10.7,11.7,8.74,422,529,8.36
"1201","c",44,14.4,11.1,41.6,350,282,0.888
"1202","c",93,11.5,11.1,7.87,242,302,0.402
"1203","c",85,14.2,11.7,146,294,251,0.956
"1204","c",95,10.6,11.9,32.6,219,239,0.335
"1205","c",19,14.8,12.5,1.16,318,307,4.66
"1206","c",46,9.38,12,2.61,198,206,1.75
"1207","c",21,13.2,12.9,42.7,293,184,3.8
"1208","c",56,9.72,11.2,5.36,195,272,0.676
"1209","c",91,11.2,10.9,0.0357,215,291,0.312
"1210","c",8,10,11.8,24.8,223,283,8.29
"1211","c",93,9.67,11.6,20.6,218,123,0.519
"1212","c",50,13.8,13.4,332,276,273,0.768
"1213","c",80,11.2,8.76,44.5,149,276,0.214
"1214","c",54,11.5,13,18.2,197,248,0.284
"1215","c",2,13,12.2,56.9,289,348,11.6
"1216","c",14,13,14,5.69,288,273,6.14
"1217","c",21,13.7,11,1.59,306,200,4.32
"1218","c",31,14,12.9,16.3,243,349,1.81
"1219","c",91,16.2,13.9,7.06,314,297,0.186
"1220","c",64,9.15,11.4,41.6,185,161,0.654
"1221","c",85,11.7,11.7,0.521,282,176,0.492
"1222","c",89,10,11.6,2.6,220,202,0.104
"1223","c",65,12,12.3,7.07,259,320,0.707
"1224","c",48,16.3,12.8,0.869,379,427,0.353
"1225","c",16,13,12.5,10.7,298,290,5.6
"1226","c",18,12.4,11.4,16.7,243,285,3.87
"1227","c",72,13.2,10.6,1.85,240,267,0.206
"1228","c",45,14.3,12,453,349,323,1.53
"1229","c",80,12.2,10.3,16.1,271,335,0.452
"1230","c",33,9.88,10.5,1110,234,246,1.67
"1231","c",46,7.74,13.9,277,191,192,0.598
"1232","c",64,13.3,11.4,9.95,294,267,0.897
"1233","c",14,8.92,11.7,69.7,160,152,5.91
"1234","c",41,11.6,11.8,44.2,257,271,1.83
"1235","c",83,13.3,13.3,30.6,276,267,0.0952
"1236","c",65,12.8,9.96,1.49,262,182,0.0552
"1237","c",75,13.2,14,30.9,252,299,0.333
"1238","c",88,13.4,13,6.81,254,273,1.01
"1239","c",61,10.7,11.1,14.7,243,292,0.471
"1240","c",93,10.7,12.9,1.33,232,191,0.339
"1241","c",35,11.3,12.6,12.1,262,224,2.4
"1242","c",33,14.9,11,39.9,301,352,2.65
"1243","c",29,10.9,11.8,206,262,260,3.49
"1244","c",75,16.4,11.2,0.0295,342,396,0.39
"1245","c",26,10.6,12.7,21.4,222,284,3.3
"1246","c",37,11.3,11.9,3.59,179,240,2.03
"1247","c",12,11.3,13.2,452,235,298,5.39
"1248","c",3,12,11.8,0.826,285,242,10.3
"1249","c",49,11.5,12,10.6,229,206,0.226
"1250","c",24,12,13.8,3.46,293,247,3.23
"1251","c",51,11.4,14.5,1.83,227,197,0.722
"1252","c",56,8.46,12,32.8,151,180,0.68
"1253","c",8,8.09,13.3,1.83,192,218,8.66
"1254","c",93,10.8,12.9,11.2,269,269,0.603
"1255","c",69,11.6,14.3,8.26,235,233,0.514
"1256","c",15,12.9,12.6,23,246,254,4.9
"1257","c",63,12.8,13.3,15.8,280,267,0.494
"1258","c",46,10.7,10.7,14.2,195,216,1.59
"1259","c",77,10.5,11.1,85.2,196,153,0.0703
"1260","c",53,12.1,11.6,5.49,237,283,0.798
"1261","c",27,11.6,10.8,2190,267,183,2.69
"1262","c",80,9.26,10.6,2.83,195,169,1.04
"1263","c",95,15.2,12.3,0.736,325,261,0.579
"1264","c",65,11.5,10.4,2680,246,259,1.36
"1265","c",7,13.7,12.5,0.531,288,238,8
"1266","c",46,11.6,12.1,1.72,259,229,1.13
"1267","c",92,11.9,11.9,70.9,241,232,0.152
"1268","c",67,12.4,11.8,62.5,208,336,0.125
"1269","c",33,14.6,12,57.6,314,283,3.13
"1270","c",15,12.4,12.3,1.23,290,272,6.13
"1271","c",51,11.6,11.1,28.4,242,269,0.938
"1272","c",18,9.79,11.4,2.67,193,203,5.16
"1273","c",27,11,10.5,31.9,236,198,3.03
"1274","c",21,14.1,12.7,60.5,251,313,3.95
"1275","c",48,12.4,9.55,811,249,239,0.272
"1276","c",38,7.34,12.6,4.47,177,167,1.26
"1277","c",34,11,10.8,703,248,213,1.62
"1278","c",1,15,13.8,12.4,271,360,10.9
"1279","c",97,9.57,11.6,919,210,229,0.301
"1280","c",6,11.4,12.6,0.153,227,191,8.28
"1281","c",1,11.7,10.9,672,231,267,10.9
"1282","c",56,9.3,11.3,4.33,197,235,1.54
"1283","c",17,13.3,11.9,521,299,227,4.64
"1284","c",40,14,12.6,249,260,114,1.44
"1285","c",35,14.9,12,2.54,325,183,1.6
"1286","c",22,9.42,13.7,2.08,155,151,4.41
"1287","c",93,11.4,13.5,1150,237,209,0.459
"1288","c",13,12.4,12.5,2.83,261,400,6.02
"1289","c",94,14.8,11.9,4.89,317,213,0.994
"1290","c",31,11.5,10.5,0.254,208,190,3.39
"1291","c",18,10.8,11.9,0.412,258,273,4.94
"1292","c",4,11.5,12.2,3.47,224,222,9.36
"1293","c",84,15.5,12.4,46.2,359,414,0.144
"1294","c",33,11.5,10.2,63.6,270,245,1.81
"1295","c",13,10.4,14.7,3.12,187,232,6.68
"1296","c",60,17.1,12.3,1.97,363,353,0.377
"1297","c",80,9.68,13.2,283,210,235,1.42
"1298","c",33,16.9,10.3,221,395,363,2.71
"1299","c",36,13.8,11.6,0.535,302,262,1.28
"1300","c",76,17.8,9.56,4.54,354,337,0.623
"1301","c",73,10.6,11.3,51.3,239,170,0.476
"1302","c",64,10.4,13.5,288,221,155,0.588
"1303","c",78,13.5,11.6,17.8,261,271,0.276
"1304","c",52,9.43,12,73.2,212,185,1.76
"1305","c",63,13.8,12.9,26.2,292,358,0.694
"1306","c",98,11.2,11.8,9.49,204,275,0.381
"1307","c",17,11.7,12,44.6,289,279,5.19
"1308","c",1,15.9,12.9,1.36,322,338,11.5
"1309","c",30,12.9,12.9,33.2,280,308,2.34
"1310","c",17,11.1,13.1,0.292,186,196,5.86
"1311","c",12,8.32,11.2,83.5,144,205,6.69
"1312","c",43,12.3,12.1,1.02,256,173,1.36
"1313","c",85,15.6,13.6,1.05,304,348,0.395
"1314","c",36,9.65,11.1,1060,199,206,1.67
"1315","c",71,12.6,12.4,0.0036,282,189,0.164
"1316","c",82,9.11,12.5,1.43,169,114,0.391
"1317","c",45,13.6,10.7,621,276,419,1.84
"1318","c",99,12.3,12.5,124,269,258,0.793
"1319","c",74,9.93,11.1,121,194,243,0.786
"1320","c",9,12.7,11.1,5.14,224,235,7.48
"1321","c",9,10,12.5,0.185,226,141,7.34
"1322","c",80,14.1,11.1,115,258,389,0.2
"1323","c",32,12.7,13.6,190,295,231,2.25
"1324","c",45,13.2,11.1,21.7,251,339,0.576
"1325","c",72,14.1,11.2,10.3,292,260,0.249
"1326","c",50,9.38,12.3,10.5,227,151,0.607
"1327","c",39,12.4,12.6,1020,253,212,1.7
"1328","c",24,15.9,11.7,8.05,367,160,4.09
"1329","c",85,11.3,11.8,14.5,227,208,0.159
"1330","c",43,11.5,11.1,23.2,266,328,1.16
"1331","c",6,9.19,11.5,19.6,230,134,9.25
"1332","c",49,12,11.9,1.89,241,227,0.877
"1333","c",65,7.08,12.2,20,132,199,0.657
"1334","c",86,14.5,13,11.2,317,234,1.1
"1335","c",64,8.3,9.96,3.64,173,164,0.945
"1336","c",19,11.9,12.4,63.4,286,264,4.6
"1337","c",15,14.6,12.5,831,331,459,5.53
"1338","c",37,11.2,10.8,15.7,221,264,1.86
"1339","c",91,10.6,11.5,1.77,207,283,0.536
"1340","c",90,14.3,11.7,51,327,364,0.359
"1341","c",1,11.8,12.6,14.8,215,283,11.9
"1342","c",28,10.6,10.7,11.5,232,289,1.77
"1343","c",24,10.8,10.9,24.5,195,268,3.66
"1344","c",53,9.91,12.6,1.26,225,171,0.463
"1345","c",36,11.2,10.9,14.2,240,224,2.49
"1346","c",20,16.5,10.4,40.7,348,461,4.65
"1347","c",31,5.04,12.8,403,90,97.8,2.05
"1348","c",15,17.2,11.7,293,364,332,5.83
"1349","c",70,11.3,13,116,294,145,0.269
"1350","c",95,18,10.6,200,417,466,0.579
"1351","c",10,12.9,8.95,4.1,273,218,7.27
"1352","c",98,9.64,11.8,3.61,219,202,0.957
"1353","c",41,14,12.4,2.73,297,335,0.803
"1354","c",46,13.6,10.6,761,265,322,1.52
"1355","c",95,8.32,11.8,346,184,193,1.17
"1356","c",99,9.93,11.1,7.5,190,185,0.0348
"1357","c",52,13,12.9,21,322,352,0.0625
"1358","c",71,11.6,12.6,215,207,210,1.09
"1359","c",73,10.1,11.6,47.1,207,202,1.01
"1360","c",77,11.6,13.2,680,252,271,0.646
"1361","c",77,10.2,10.7,57.2,187,206,0.251
"1362","c",69,11.2,12.9,0.626,216,279,0.785
"1363","c",85,14.6,12.1,28.3,291,325,0.33
"1364","c",52,10.4,12.5,1.97,237,214,0.00752
"1365","c",66,11.4,12,215,274,228,0.924
"1366","c",69,15.4,12.2,182,324,443,0.266
"1367","c",6,8.59,12.8,140,145,154,8.79
"1368","c",34,13.2,12.5,2.01,252,283,3.46
"1369","c",41,11.1,10.8,159,192,310,1.36
"1370","c",42,11.8,12.7,94.2,283,293,1.19
"1371","c",99,14.8,13.7,82,330,430,0.637
"1372","c",19,11.2,12.7,0.18,236,256,4.06
"1373","c",96,10.7,11.2,36.5,218,174,0.381
"1374","c",9,8.45,12.9,0.738,199,201,7.34
"1375","c",10,11.6,13.4,66.9,260,109,6.97
"1376","c",39,11.3,12.4,2.98,266,267,2.44
"1377","c",30,10.4,13.2,118,169,154,3.25
"1378","c",90,11.5,13,8.22,277,205,0.0391
"1379","c",45,14.2,10.4,378,311,343,1.73
"1380","c",65,12.9,11.9,95.4,294,350,0.442
"1381","c",55,11.8,12.6,15.5,250,268,0.308
"1382","c",22,12,11.9,29.2,274,193,3.78
"1383","c",94,12.3,11.6,10.8,238,289,0.093
"1384","c",93,11.8,11.7,0.105,249,266,0.593
"1385","c",43,11.3,11.3,749,227,224,1.94
"1386","c",20,12,12,27.4,250,319,4.95
"1387","c",58,11.9,12.9,194,250,212,0.726
"1388","c",51,14.1,12.6,534,306,390,0.487
"1389","c",78,10.8,10.2,33.4,242,182,0.00712
"1390","c",35,10.9,13.2,0.552,225,219,1.73
"1391","c",71,14.5,12.2,6.3,311,414,0.0326
"1392","c",3,14.7,11.9,3.12,337,315,10.2
"1393","c",89,12.9,11.8,149,276,272,0.0895
"1394","c",52,10.6,11.4,592,194,214,1.6
"1395","c",65,14.7,11.9,297,310,443,0.0724
"1396","c",89,12.9,11.2,407,273,184,0.0768
"1397","c",12,16.2,11.9,33.6,341,203,6.38
"1398","c",76,10.2,12.7,5.99,255,193,0.511
"1399","c",78,9.12,11.9,8.95,179,177,0.414
"1400","c",23,10.8,11.7,37,269,247,4.21
"1401","c",45,11,12.4,313,192,196,1.38
"1402","c",63,8.26,11.1,6.72,194,146,0.878
"1403","c",93,14.3,12.7,19.2,313,295,0.279
"1404","c",60,9.76,12,6.77,225,173,0.321
"1405","c",77,11,11.5,52.1,239,201,0.52
"1406","c",42,12.8,14.6,124,270,249,1.94
"1407","c",35,12,9.88,21,278,245,1.78
"1408","c",67,11.5,12.6,86.4,257,202,0.0207
"1409","c",50,14.4,10.6,415,322,250,1.1
"1410","c",95,11.1,10.1,1.73,211,241,0.121
"1411","c",20,11.3,12.8,8.68,263,247,3.84
"1412","c",18,10,13,138,219,202,3.93
"1413","c",75,12.3,11.3,0.129,267,351,0.0942
"1414","c",25,12,12.6,78.2,275,326,3.14
"1415","c",12,13.4,11.4,58.3,307,240,6.82
"1416","c",43,10.2,11.5,59.5,199,239,1.7
"1417","c",100,12.2,11.5,902,213,211,0.048
"1418","c",9,12.2,13.2,69.1,294,361,8.69
"1419","c",2,11.9,12.5,1.43,243,296,10.6
"1420","c",89,12.5,12.4,158,286,274,0.34
"1421","c",44,10.5,11.2,18.2,212,164,1.08
"1422","c",47,10.5,13.5,0.225,231,224,0.932
"1423","c",49,9.39,13.9,24.3,174,158,1.5
"1424","c",74,9.24,12.9,55,185,149,0.117
"1425","c",73,12.3,11.6,31.3,281,226,0.839
"1426","c",74,13.6,12.5,0.36,269,304,0.778
"1427","c",20,13.8,11.8,93.6,302,248,4.77
"1428","c",69,18.3,12.2,4.42,360,291,0.482
"1429","c",31,10.2,12.8,34.2,197,173,2.14
"1430","c",15,10.7,14,98.3,216,249,5.61
"1431","c",48,14.2,12.5,478,338,441,1.06
"1432","c",34,8.29,11.1,500,200,190,2.7
"1433","c",38,9.88,12.8,19.1,202,201,2.22
"1434","c",18,6.5,12.6,1.42,108,122,4.61
"1435","c",12,9.58,12.1,35.6,185,221,6.25
"1436","c",83,12.8,13.1,7550,274,292,0.74
"1437","c",79,12.2,11.2,61.1,246,283,0.232
"1438","c",45,13.7,13,13.5,276,388,0.638
"1439","c",11,14,11.3,883,308,273,7.01
"1440","c",26,10.4,12.4,0.792,195,214,2.11
"1441","c",42,9.64,12.1,1920,217,233,1.47
"1442","c",28,13.8,11.2,676,299,138,3.11
"1443","c",20,9.95,10.5,35.6,188,245,5.64
"1444","c",30,10.3,13.1,171,212,194,2.02
"1445","c",79,10.5,13.3,0.406,235,219,0.0451
"1446","c",23,10.7,11.9,4.35,212,264,4.36
"1447","c",37,13.6,11.3,0.194,264,295,2.13
"1448","c",27,14,13.8,15.9,328,356,2.98
"1449","c",71,17.5,14,1.38,396,225,0.821
"1450","c",31,13.4,10.4,256,264,219,3.88
"1451","c",65,16,12.5,74.8,341,231,0.189
"1452","c",1,7.98,14.2,247,162,104,11.6
"1453","c",74,10.1,10.9,6.09,199,201,0.77
"1454","c",65,7.92,13.1,2.1,183,212,0.631
"1455","c",72,8.7,11.5,6.55,174,206,0.0967
"1456","c",82,15,13,0.719,320,186,0.659
"1457","c",2,12.7,10.5,63.1,280,354,10.6
"1458","c",2,12.9,11.4,8.27,306,183,11
"1459","c",82,11.3,12.2,23.9,256,260,0.83
"1460","c",39,8.92,10.9,2190,249,212,2.02
"1461","c",75,13.4,12,5.99,274,291,0.384
"1462","c",59,9.16,11.2,1.67,186,151,1.1
"1463","c",2,13.4,12.1,51.1,309,392,11.4
"1464","c",9,14.2,11.1,6.23,280,195,7.26
"1465","c",69,8.72,11,2.47,193,201,0.812
"1466","c",36,11.4,12.7,26.9,238,197,1.32
"1467","c",75,10.8,12,0.534,201,157,0.0926
"1468","c",51,8.17,11,60,175,202,1.61
"1469","c",26,12.6,12.2,18.7,254,321,3.11
"1470","c",82,12.7,10.7,21.4,237,254,1.02
"1471","c",3,11.2,11.7,29.1,257,281,9.7
"1472","c",35,10.4,11.1,621,231,195,0.595
"1473","c",11,11.7,11.3,3.62,255,201,7.56
"1474","c",24,12.2,13.2,3810,251,261,4.77
"1475","c",68,11.1,12.2,2.26,272,188,1.06
"1476","c",94,8.7,13.2,19.7,203,160,0.65
"1477","c",46,10.1,11.1,296,213,237,0.741
"1478","c",90,9.99,13.3,147,153,189,0.775
"1479","c",49,13.1,11.2,68.9,274,336,0.65
"1480","c",78,12.4,12.2,8.19,294,363,1.18
"1481","c",15,12.9,11.5,179,248,326,6.44
"1482","c",39,10.8,12,3.76,235,186,1.93
"1483","c",60,15.4,12.3,9.48,348,359,0.73
"1484","c",68,11.1,13.1,1.93,282,271,0.154
"1485","c",19,11.7,13,0.11,220,91.2,4.86
"1486","c",16,12.2,10.1,196,290,434,5.57
"1487","c",64,12.2,12.7,18.4,209,282,0.00154
"1488","c",7,11.2,11.7,215,205,255,8.89
"1489","c",54,12,14.8,7.02,294,201,0.66
"1490","c",24,10.2,13.3,61.3,238,233,3.07
"1491","c",22,12.8,11,8.15,288,260,4
"1492","c",20,13.3,13,5.18,238,258,4.84
"1493","c",28,11.1,12,19.4,186,170,2.94
"1494","c",37,14.7,12.4,14,320,303,2.11
"1495","c",35,10.6,12.6,34.4,204,217,2.25
"1496","c",9,10.2,11,73.3,186,176,7.71
"1497","c",10,6.82,10.7,15.1,124,159,7.82
"1498","c",32,8.46,12,8490,172,162,3.16
"1499","c",16,11.2,13.4,224,232,247,5.46
"1500","c",27,12.9,11.1,20.7,213,224,3.24
"1501","c",7,13.1,10.9,152,281,229,8.36
"1502","c",85,11.5,12.1,15.2,241,258,0.695
"1503","c",76,12,12.7,19,256,268,0.448
"1504","c",44,12.5,10.2,1920,227,301,1.65
"1505","c",81,16.2,13.1,1.82,339,450,0.119
"1506","c",79,7.61,10.8,6.97,167,141,0.768
"1507","c",67,16,11.3,70,313,249,0.11
"1508","c",14,6.67,12.4,1.02,142,125,6.02
"1509","c",88,11.5,11.8,27.6,253,241,0.976
"1510","c",62,6.25,8.74,2.55,125,131,0.198
"1511","c",40,13.6,11.6,1.95,311,216,0.494
"1512","c",36,13.4,10.5,240,310,219,1.34
"1513","c",33,14.7,12.7,884,306,279,2.46
"1514","c",26,10.9,10.3,365,280,236,3.24
"1515","c",61,10.4,12,29,191,192,0.305
"1516","c",6,13.1,11.3,2.41,283,297,10.3
"1517","c",53,14,13,2120,287,457,1.01
"1518","c",25,11.4,12.6,9.1,251,262,4.49
"1519","c",56,12.9,12.3,9.77,258,263,0.684
"1520","c",17,10.5,12.9,20.3,217,217,5.4
"1521","c",5,8.62,11,205,216,149,9.25
"1522","c",65,15.2,11.9,299,332,411,0.738
"1523","c",15,14.4,11.4,5.71,314,204,5.67
"1524","c",17,13.2,12.5,40.5,295,279,5.83
"1525","c",72,9.05,14,31,223,190,0.487
"1526","c",98,11,11.7,6.12,173,241,0.622
"1527","c",33,10,9.54,1.02,224,193,2.31
"1528","c",30,12,13.5,20.6,289,301,2.42
"1529","c",49,15.7,12.7,170,321,275,0.22
"1530","c",38,10.7,11.1,4.65,217,230,1.82
"1531","c",32,12.9,12.4,14.3,266,233,1.57
"1532","c",70,11.2,11.4,45.2,205,232,0.018
"1533","c",41,13.1,12.8,237,275,288,1.37
"1534","c",44,14.8,11.3,1210,280,338,2.36
"1535","c",13,9.78,12.6,6.61,176,192,6.34
"1536","c",12,15.1,11.1,6.6,347,460,6.13
"1537","c",18,12,12.2,39,256,314,4.56
"1538","c",54,9.56,11.1,7.65,218,225,0.206
"1539","c",64,11.8,12.7,1190,290,160,1.19
"1540","c",58,9.01,11.4,0.387,201,178,1.02
"1541","c",29,8.46,10.8,124,168,153,3.82
"1542","c",23,17.3,11.4,3.5,375,312,3.74
"1543","c",62,16.9,12.5,89.6,398,549,0.0149
"1544","c",15,12,13.7,4.55,265,187,4.88
"1545","c",47,11,11,6.44,237,252,1.37
"1546","c",39,14.8,11.8,8.38,327,199,1.95
"1547","c",48,15,11.3,34.9,281,252,0.753
"1548","c",91,10.7,11.9,2.83,172,220,0.43
"1549","c",8,11.9,12.2,7.6,259,268,8.76
"1550","c",67,13.4,12.3,0.92,295,252,0.916
"1551","c",99,11.7,12.6,135,271,200,0.447
"1552","c",31,14.9,10.8,110,323,405,3.12
"1553","c",66,13.5,11.8,2.04,261,247,0.805
"1554","c",88,10.7,13.5,87.6,217,236,0.0989
"1555","c",76,11.8,10.9,1.06,241,272,0.000281
"1556","c",28,10.6,11.3,23.5,246,150,3.56
"1557","c",63,13.2,10.9,31.3,292,301,0.305
"1558","c",51,11.8,11.6,14.2,270,252,0.775
"1559","c",17,13.3,11,0.659,276,239,4.78
"1560","c",87,13.4,11.9,15.7,297,227,1.03
"1561","c",20,11,11.7,95.3,218,138,4.77
"1562","c",70,14.1,12.2,67.2,323,359,0.473
"1563","c",99,13.7,12.8,21.7,257,180,0.326
"1564","c",44,13.4,13,12.9,312,263,2.06
"1565","c",39,9.98,12.3,51,212,236,0.743
"1566","c",72,10.4,10.9,2.63,172,219,0.382
"1567","c",19,14.4,10.6,8.84,287,320,4.2
"1568","c",48,13.7,14.4,10.3,276,191,0.000868
"1569","c",51,10.9,13.5,115,223,297,1.73
"1570","c",10,13.4,12.7,13.9,279,255,6.52
"1571","c",23,13,12.5,431,254,349,4.62
"1572","c",81,12.2,12.2,2.74,250,259,0.388
"1573","c",42,10.2,11.2,7.14,226,157,2.12
"1574","c",63,11.6,14.6,2.25,252,187,0.514
"1575","c",39,8.66,12.9,131,158,163,1.22
"1576","c",44,13.5,13,2.65,303,402,1.27
"1577","c",82,9.84,12,0.27,213,217,0.274
"1578","c",69,12.3,13.5,10.1,238,265,0.2
"1579","c",39,11.2,10.8,22.9,233,140,2.1
"1580","c",21,11.4,12.9,127,230,210,4.44
"1581","c",7,10.3,11.7,1370,195,258,8.4
"1582","c",80,10.5,11.8,10.6,192,246,1.06
"1583","c",20,11.4,13.8,2040,239,210,4.73
"1584","c",72,11.3,10.8,0.113,229,199,0.703
"1585","c",87,11.3,12.4,6.18,268,198,0.0573
"1586","c",62,13.4,11,1.98,286,193,1.06
"1587","c",55,14.8,13.4,8.83,349,255,0.501
"1588","c",59,13.9,12.2,178,277,217,0.623
"1589","c",70,12.3,13.3,1.65,253,270,0.418
"1590","c",21,11.2,13.1,0.0343,207,189,4.51
"1591","c",36,13,11.8,8.93,263,289,2.36
"1592","c",9,13.7,13.1,2.88,252,385,7.23
"1593","c",97,11.3,12.4,81.9,247,268,1.04
"1594","c",23,13,11.9,75.3,263,205,3.84
"1595","c",29,12.7,13.4,18.8,225,247,3.34
"1596","c",38,14.4,12.4,2.86,345,344,2.27
"1597","c",59,11.9,14.7,2.02,267,193,0.996
"1598","c",99,9.92,11.7,243,169,122,0.521
"1599","c",24,12.7,13.3,8.61,269,279,4.01
"1600","c",46,9.23,11.7,7.27,201,133,1.78
"1601","c",65,10.6,12.2,35.9,236,190,0.219
"1602","c",5,11.7,11.4,70.7,241,302,9.69
"1603","c",80,12.1,13.6,15,277,216,0.661
"1604","c",38,13.8,12.3,316,320,245,1.96
"1605","c",5,14.7,13,32.4,315,378,9.35
"1606","c",90,14.9,12.6,0.156,327,279,0.192
"1607","c",84,11.8,10.5,6.67,234,254,0.0979
"1608","c",9,11.2,10.3,14.4,251,262,7.57
"1609","c",72,13.2,12,57.2,274,317,0.208
"1610","c",56,12,11.5,147,242,322,0.695
"1611","c",94,7.22,10.2,20,164,159,0.671
"1612","c",44,12,11,4.16,261,187,0.744
"1613","c",7,9.71,12.4,2.92,199,236,8.82
"1614","c",60,11.7,10.5,68,274,257,0.676
"1615","c",84,7.13,13,39.3,132,132,0.0965
"1616","c",74,10.2,12.9,10600,172,224,1.11
"1617","c",75,11.3,13.1,2.68,218,183,0.133
"1618","c",9,11.1,9.8,1.29,225,215,7.56
"1619","c",50,9.21,11.9,3.29,202,136,0.95
"1620","c",93,11.5,11.7,420,241,297,0.262
"1621","c",12,11.8,12.6,164,281,253,6.38
"1622","c",7,13.4,12.1,2.06,289,299,8.64
"1623","c",72,9.6,12,0.791,212,197,0.104
"1624","c",78,9.04,13.3,1410,136,203,0.481
"1625","c",54,7.84,10.2,1.23,133,180,1.7
"1626","c",49,10.5,13.1,9.64,270,189,1.21
"1627","c",21,10.2,10.7,2.57,238,136,3.68
"1628","c",10,13,11.9,12.6,275,234,7.08
"1629","c",100,10.6,13.2,16.9,255,202,1.11
"1630","c",79,9.35,11.8,2.29,188,167,0.305
"1631","c",74,10.4,13.7,333,206,280,0.564
"1632","c",36,9.9,11.3,1080,196,207,1.92
"1633","c",14,13,12.9,66.6,268,267,6.2
"1634","c",18,12.3,12,93.3,259,204,5.04
"1635","c",19,10.3,10.2,12.8,198,311,5.08
"1636","c",24,12.1,11.5,237,231,269,3.65
"1637","c",85,14.7,10.6,2.56,337,160,0.0103
"1638","c",80,15.2,13.4,0.136,309,407,0.218
"1639","c",33,12.6,10.5,1.46,229,257,2.71
"1640","c",30,10.1,12.1,45.3,228,191,2.36
"1641","c",13,15,9.92,7.43,320,444,7.07
"1642","c",28,10.1,10.7,20.3,219,216,2.77
"1643","c",29,10.2,11.3,17.7,171,197,2.13
"1644","c",21,14,11.4,9.7,277,248,4.87
"1645","c",32,13.8,11.1,32.3,277,436,2.79
"1646","c",47,11,12.3,1170,215,209,1.54
"1647","c",65,11,11.7,13.1,235,364,0.413
"1648","c",35,10.7,12.2,0.624,269,156,2.07
"1649","c",14,14.2,11.5,3.98,311,357,6.21
"1650","c",14,10.2,12.8,14,203,218,6.2
"1651","c",37,9.9,11.9,0.6,244,182,2.16
"1652","c",91,11.1,13.2,412,222,219,0.382
"1653","c",39,9.33,12.4,3.91,189,256,1.84
"1654","c",15,9.55,12.3,14.9,186,190,6.44
"1655","c",30,13.5,12.1,261,284,235,2.27
"1656","c",72,14,11.2,30.4,277,362,0.181
"1657","c",33,14.2,11.2,1.96,291,403,1.86
"1658","c",65,12.4,13.2,125,287,117,0.329
"1659","c",39,10.3,13.9,20.7,241,139,1.99
"1660","c",78,11.5,12.6,0.874,273,162,0.736
"1661","c",28,10.4,12.2,254,211,213,2.83
"1662","c",72,12.1,12.9,39.6,278,300,0.135
"1663","c",47,11.2,12,1.31,229,179,1.69
"1664","c",68,9.02,12.7,51.4,184,239,0.565
"1665","c",92,11.5,11.8,17.6,234,194,0.0358
"1666","c",78,15.5,11.7,5.51,309,390,0.301
"1667","c",57,11.3,9.46,121,258,167,1.11
"1668","c",91,9.74,12.3,170,216,150,0.512
"1669","c",10,13.2,11.3,27,275,269,6.27
"1670","c",48,11.9,11.6,2510,268,367,2.15
"1671","c",58,15.6,11.4,182,317,507,1.12
"1672","c",41,13.7,11.6,114,338,270,2
"1673","c",68,11.9,14.6,53.1,259,251,1.11
"1674","c",100,10.7,11.3,37.2,179,223,0.697
"1675","c",80,12.9,11.6,20.8,283,324,0.571
"1676","c",68,12.3,10.5,72.9,216,267,0.434
"1677","c",19,11.3,15.9,162,229,188,4.36
"1678","c",95,8.01,13.1,25,166,177,0.155
"1679","c",76,9.55,11.3,3.16,233,217,0.0387
"1680","c",86,10.8,11.8,74.2,220,196,0.0687
"1681","c",14,12.4,10.9,14.3,251,208,5.66
"1682","c",23,11.7,11.2,28.8,253,306,4
"1683","c",7,8.92,12.6,525,180,117,8.76
"1684","c",14,11.1,11.2,107,218,162,6.44
"1685","c",87,11.7,11.5,473,233,303,0.17
"1686","c",98,14,13,4740,296,231,0.7
"1687","c",94,13.5,10.1,63.5,322,310,0.93
"1688","c",9,15.9,12.5,122,298,239,7.89
"1689","c",62,10.5,13.2,1910,213,244,1
"1690","c",47,13.2,14.2,57,278,240,1.53
"1691","c",30,11.9,10,2.48,270,267,2.45
"1692","c",88,10.7,11.5,270,227,239,0.564
"1693","c",84,16,12.7,21.1,332,354,0.758
"1694","c",87,10.9,11.3,1330,248,194,0.0951
"1695","c",31,14.4,10.6,0.213,244,278,1.22
"1696","c",52,13.4,12.7,279,293,274,1.11
"1697","c",42,8,11.4,88.3,176,151,1.54
"1698","c",13,13.3,10.2,10.7,251,272,6.22
"1699","c",20,13.1,12.4,16.7,257,339,4.52
"1700","c",77,9.81,10.8,268,187,245,0.00368
"1701","c",62,11.4,11.3,174,247,261,0.309
"1702","c",44,15,13.1,27.4,287,287,1.25
"1703","c",14,11.7,13.1,4.79,222,259,6.39
"1704","c",96,12.6,13.2,1000,233,342,0.242
"1705","c",100,13.3,12.3,206,267,217,0.0263
"1706","c",59,12.5,10.7,4550,236,251,1.3
"1707","c",52,10.6,11.7,2160,253,220,0.804
"1708","c",86,10.7,12.3,38.9,223,263,0.257
"1709","c",12,9.32,11.8,0.498,210,241,6.16
"1710","c",64,11.3,10.9,6.49,212,263,0.719
"1711","c",83,13.9,10,36.5,281,240,0.168
"1712","c",63,14.3,13,383,267,427,0.999
"1713","c",7,12.2,13.3,28.8,238,260,8.24
"1714","c",6,9.92,12,74.1,183,271,8.85
"1715","c",78,11.5,10.5,106,241,230,0.334
"1716","c",72,9.06,13.4,2.05,162,206,0.837
"1717","c",30,12.8,10.7,185,229,324,2.77
"1718","c",69,14.4,11.9,38.3,303,306,0.338
"1719","c",83,11.9,12.5,1.43,264,317,0.523
"1720","c",75,9.75,13.8,2440,213,191,0.137
"1721","c",94,9.92,12.3,29.9,197,220,0.519
"1722","c",40,9.26,12.7,322,179,258,1.16
"1723","c",98,15.9,10.8,3.93,334,412,0.3
"1724","c",22,9.15,11.2,2.58,175,184,4.33
"1725","c",95,11.8,12,0.481,235,294,0.419
"1726","c",41,13.5,12.4,372,306,213,1.04
"1727","c",73,13.3,12.1,9.95,280,271,0.031
"1728","c",99,13.3,12.5,20,312,241,0.54
"1729","c",96,13.2,13.4,70.6,275,358,0.958
"1730","c",62,13.4,13.3,0.591,248,379,0.00211
"1731","c",77,12.5,11.6,4.05,312,363,0.483
"1732","c",87,10.4,12.7,154,252,180,0.389
"1733","c",50,7.22,12.3,423,155,176,1.53
"1734","c",61,10.9,11.8,31.5,238,231,0.407
"1735","c",60,13.9,12,66.1,333,241,0.245
"1736","c",20,10.9,12.2,369,223,280,3.91
"1737","c",70,12.5,12,15.7,278,198,0.606
"1738","c",12,8.87,11.2,215,173,190,7.13
"1739","c",44,11.8,15.3,34.3,237,229,0.891
"1740","c",45,10.7,12.4,1.44,213,242,0.176
"1741","c",51,12.2,10.2,22.1,234,203,1.2
"1742","c",43,11.2,11.7,18.2,200,309,0.482
"1743","c",64,12.4,11.7,1720,264,364,0.312
"1744","c",17,11.7,12,1.88,227,213,5.89
"1745","c",52,10.3,12.9,24.2,197,249,1.08
"1746","c",94,13.3,11.3,20.6,259,240,0.597
"1747","c",48,12.8,14.3,3.89,279,289,1.83
"1748","c",6,11.5,12.5,8.2,235,242,7.4
"1749","c",19,11.2,10.4,10.4,237,204,4.95
"1750","c",12,9.09,11.1,28.5,220,95.5,6.29
"1751","c",91,9.68,11.8,0.938,212,229,0.678
"1752","c",16,10.2,11.7,2.28,200,208,5.19
"1753","c",37,11.5,13.1,3.28,286,223,1.88
"1754","c",2,8.4,11.6,0.771,184,204,10.7
"1755","c",95,13.6,12.1,31.4,258,390,0.802
"1756","c",79,17,12,87.9,356,467,0.596
"1757","c",12,11.3,12.1,186,267,229,6.51
"1758","c",83,6.77,14.1,2.26,142,130,0.0889
"1759","c",66,9.82,11.4,2.02,203,176,0.864
"1760","c",51,15.7,10.7,118,348,248,1.22
"1761","c",71,9.56,13.3,3.25,216,219,0.217
"1762","c",16,12.6,13.2,6.01,258,255,5.13
"1763","c",1,9.58,11,256,161,180,11.4
"1764","c",52,10.3,13.1,35.6,210,226,0.328
"1765","c",38,12.4,10.8,38.3,262,291,1.7
"1766","c",44,8.98,11.1,7.04,176,173,1.41
"1767","c",80,13.5,12.8,5.65,276,299,0.942
"1768","c",81,12.6,12.5,1.43,304,286,0.21
"1769","c",29,11.8,11.6,47.8,203,324,2.17
"1770","c",87,10.8,12.2,6.35,233,242,0.0456
"1771","c",24,11.3,12.7,2220,288,247,3.07
"1772","c",16,11.5,12.7,44.9,223,268,5.81
"1773","c",41,12.7,11,4.81,219,249,1
"1774","c",72,12.7,13.2,1.52,274,222,0.292
"1775","c",93,10.9,11.8,10.2,227,238,0.126
"1776","c",79,11,13,10.3,196,236,0.417
"1777","c",17,10.3,10.5,0.899,228,281,5.4
"1778","c",52,10.8,10.2,6.3,241,272,0.762
"1779","c",23,10.7,11.3,2.66,194,240,4.55
"1780","c",15,12.3,11,1.19,262,197,6.49
"1781","c",98,12.8,11.2,136,271,328,0.189
"1782","c",62,10.7,11.3,4.05,210,237,0.967
"1783","c",32,10.6,11.7,65.9,191,151,3.12
"1784","c",21,12.2,12.9,1.24,268,252,5.5
"1785","c",78,14.7,10.7,94.5,317,409,0.449
"1786","c",47,11.2,12.2,4.74,216,148,0.948
"1787","c",65,8.11,12.6,145,173,153,0.082
"1788","c",4,14.4,11.1,38.6,279,347,9.18
"1789","c",6,15.4,10.8,15.8,342,269,8.2
"1790","c",47,13.9,11.7,116,308,405,0.365
"1791","c",83,10,12,4140,217,154,0.322
"1792","c",80,12.4,12.7,106,240,319,0.348
"1793","c",55,10.8,12.1,0.389,277,227,1.19
"1794","c",77,12.9,12.2,1.14,279,342,0.0525
"1795","c",33,12.1,12,125,259,228,2.46
"1796","c",45,16.2,11.2,163,365,367,1.33
"1797","c",87,11.3,12.7,180,300,176,0.477
"1798","c",52,12.4,12.5,261,296,178,0.859
"1799","c",68,15.2,12.1,20.9,315,269,0.281
"1800","c",14,12.6,12.1,11,253,293,5.9
